Pair,bin,cl,variable,est,Kraken,k,D,error,alpha
Large,00-05,60,Drosophila_yakuba_downSmpld,0.081262185,FALSE,None,0.062705933,0.29592498,0
Large,00-05,50,Drosophila_yakuba_downSmpld,0.075416745,FALSE,None,0.062705933,0.202705093,0
Large,00-05,40,Drosophila_yakuba_downSmpld,0.071349759,FALSE,None,0.062705933,0.13784702,0
Large,00-05,30,Drosophila_yakuba_downSmpld,0.067923115,FALSE,None,0.062705933,0.083200771,0
Large,00-05,25,Drosophila_yakuba_downSmpld,0.066569567,FALSE,None,0.062705933,0.061615127,0
Large,00-05,20,Drosophila_yakuba_downSmpld,0.06525322,FALSE,None,0.062705933,0.040622743,0
Large,00-05,15,Drosophila_yakuba_downSmpld,0.064228282,FALSE,None,0.062705933,0.024277591,0
Large,00-05,10,Drosophila_yakuba_downSmpld,0.063398952,FALSE,None,0.062705933,0.011051889,0
Large,00-05,5,Drosophila_yakuba_downSmpld,0.062898372,FALSE,None,0.062705933,0.003068912,0
Large,00-05,2,Drosophila_yakuba_downSmpld,0.062729103,FALSE,None,0.062705933,0.000369503,0
Large,00-05,1,Drosophila_yakuba_downSmpld,0.062707626,FALSE,None,0.062705933,2.70E-05,0
Large,00-05,0,Drosophila_yakuba_downSmpld,0.062705933,FALSE,None,0.062705933,0,0
Large,00-00,25,Drosophila_yakuba_downSmpld,0.067561523,FALSE,None,0.062705933,0.0774343,0
Large,00-00,20,Drosophila_yakuba_downSmpld,0.066080908,FALSE,None,0.062705933,0.05382226,0
Large,00-00,15,Drosophila_yakuba_downSmpld,0.06479919,FALSE,None,0.062705933,0.03338212,0
Large,00-00,10,Drosophila_yakuba_downSmpld,0.063663781,FALSE,None,0.062705933,0.015275237,0
Large,00-00,5,Drosophila_yakuba_downSmpld,0.062969723,FALSE,None,0.062705933,0.004206779,0
Large,00-00,2,Drosophila_yakuba_downSmpld,0.062739375,FALSE,None,0.062705933,0.000533315,0
Large,00-00,1,Drosophila_yakuba_downSmpld,0.062712965,FALSE,None,0.062705933,0.000112142,0
Large,00-00,0,Drosophila_yakuba_downSmpld,0.062705933,FALSE,None,0.062705933,0,0
Large,05-15,25,Drosophila_yakuba_downSmpld,0.067536842,FALSE,None,0.062705933,0.0770407,0
Large,05-15,20,Drosophila_yakuba_downSmpld,0.066047279,FALSE,None,0.062705933,0.053285963,0
Large,05-15,15,Drosophila_yakuba_downSmpld,0.064777505,FALSE,None,0.062705933,0.0330363,0
Large,05-15,10,Drosophila_yakuba_downSmpld,0.063655175,FALSE,None,0.062705933,0.015137993,0
Large,05-15,5,Drosophila_yakuba_downSmpld,0.062973364,FALSE,None,0.062705933,0.004264844,0
Large,05-15,2,Drosophila_yakuba_downSmpld,0.062740948,FALSE,None,0.062705933,0.0005584,0
Large,05-15,1,Drosophila_yakuba_downSmpld,0.062710665,FALSE,None,0.062705933,7.55E-05,0
Large,05-15,0,Drosophila_yakuba_downSmpld,0.062705933,FALSE,None,0.062705933,0,0
Large,15-25,25,Drosophila_yakuba_downSmpld,0.067632038,FALSE,None,0.062705933,0.078558834,0
Large,15-25,20,Drosophila_yakuba_downSmpld,0.066150061,FALSE,None,0.062705933,0.054925074,0
Large,15-25,15,Drosophila_yakuba_downSmpld,0.064843348,FALSE,None,0.062705933,0.034086328,0
Large,15-25,10,Drosophila_yakuba_downSmpld,0.063709782,FALSE,None,0.062705933,0.016008836,0
Large,15-25,5,Drosophila_yakuba_downSmpld,0.062985172,FALSE,None,0.062705933,0.004453151,0
Large,15-25,2,Drosophila_yakuba_downSmpld,0.062745161,FALSE,None,0.062705933,0.000625587,0
Large,15-25,1,Drosophila_yakuba_downSmpld,0.0627133,FALSE,None,0.062705933,0.000117485,0
Large,15-25,0,Drosophila_yakuba_downSmpld,0.062705933,FALSE,None,0.062705933,0,0
Large,00-05,60,ucseq_Drosophila_yakuba_downSmpld,0.065472922,TRUE,35,0.062705933,0.044126431,0
Large,00-05,50,ucseq_Drosophila_yakuba_downSmpld,0.064207545,TRUE,35,0.062705933,0.023946889,0
Large,00-05,40,ucseq_Drosophila_yakuba_downSmpld,0.063773876,TRUE,35,0.062705933,0.017030972,0
Large,00-05,30,ucseq_Drosophila_yakuba_downSmpld,0.063351448,TRUE,35,0.062705933,0.010294321,0
Large,00-05,25,ucseq_Drosophila_yakuba_downSmpld,0.063352705,TRUE,35,0.062705933,0.010314367,0
Large,00-05,20,ucseq_Drosophila_yakuba_downSmpld,0.063229727,TRUE,35,0.062705933,0.008353181,0
Large,00-05,15,ucseq_Drosophila_yakuba_downSmpld,0.063213311,TRUE,35,0.062705933,0.008091387,0
Large,00-05,10,ucseq_Drosophila_yakuba_downSmpld,0.063130529,TRUE,35,0.062705933,0.006771225,0
Large,00-05,5,ucseq_Drosophila_yakuba_downSmpld,0.063089484,TRUE,35,0.062705933,0.006116662,0
Large,00-05,2,ucseq_Drosophila_yakuba_downSmpld,0.063070759,TRUE,35,0.062705933,0.005818046,0
Large,00-05,1,ucseq_Drosophila_yakuba_downSmpld,0.063073534,TRUE,35,0.062705933,0.0058623,0
Large,00-05,0,ucseq_Drosophila_yakuba_downSmpld,0.063076267,TRUE,35,0.062705933,0.005905885,0
Large,00-00,25,ucseq_Drosophila_yakuba_downSmpld,0.063140553,TRUE,35,0.062705933,0.006931083,0
Large,00-00,20,ucseq_Drosophila_yakuba_downSmpld,0.063098549,TRUE,35,0.062705933,0.006261226,0
Large,00-00,15,ucseq_Drosophila_yakuba_downSmpld,0.063149253,TRUE,35,0.062705933,0.007069825,0
Large,00-00,10,ucseq_Drosophila_yakuba_downSmpld,0.063099989,TRUE,35,0.062705933,0.00628419,0
Large,00-00,5,ucseq_Drosophila_yakuba_downSmpld,0.063076298,TRUE,35,0.062705933,0.005906379,0
Large,00-00,2,ucseq_Drosophila_yakuba_downSmpld,0.063068552,TRUE,35,0.062705933,0.00578285,0
Large,00-00,1,ucseq_Drosophila_yakuba_downSmpld,0.063072467,TRUE,35,0.062705933,0.005845284,0
Large,00-00,0,ucseq_Drosophila_yakuba_downSmpld,0.063076267,TRUE,35,0.062705933,0.005905885,0
Large,05-15,25,ucseq_Drosophila_yakuba_downSmpld,0.065052676,TRUE,35,0.062705933,0.037424577,0
Large,05-15,20,ucseq_Drosophila_yakuba_downSmpld,0.064356538,TRUE,35,0.062705933,0.026322948,0
Large,05-15,15,ucseq_Drosophila_yakuba_downSmpld,0.063887516,TRUE,35,0.062705933,0.018843241,0
Large,05-15,10,ucseq_Drosophila_yakuba_downSmpld,0.063430937,TRUE,35,0.062705933,0.011561968,0
Large,05-15,5,ucseq_Drosophila_yakuba_downSmpld,0.063175893,TRUE,35,0.062705933,0.007494666,0
Large,05-15,2,ucseq_Drosophila_yakuba_downSmpld,0.063087214,TRUE,35,0.062705933,0.006080461,0
Large,05-15,1,ucseq_Drosophila_yakuba_downSmpld,0.063075498,TRUE,35,0.062705933,0.005893621,0
Large,05-15,0,ucseq_Drosophila_yakuba_downSmpld,0.063076267,TRUE,35,0.062705933,0.005905885,0
Large,15-25,25,ucseq_Drosophila_yakuba_downSmpld,0.067160802,TRUE,35,0.062705933,0.07104382,0
Large,15-25,20,ucseq_Drosophila_yakuba_downSmpld,0.065892223,TRUE,35,0.062705933,0.050813214,0
Large,15-25,15,ucseq_Drosophila_yakuba_downSmpld,0.064821856,TRUE,35,0.062705933,0.033743585,0
Large,15-25,10,ucseq_Drosophila_yakuba_downSmpld,0.0638883,TRUE,35,0.062705933,0.018855744,0
Large,15-25,5,ucseq_Drosophila_yakuba_downSmpld,0.06330742,TRUE,35,0.062705933,0.009592186,0
Large,15-25,2,ucseq_Drosophila_yakuba_downSmpld,0.06311751,TRUE,35,0.062705933,0.006563605,0
Large,15-25,1,ucseq_Drosophila_yakuba_downSmpld,0.063089233,TRUE,35,0.062705933,0.006112659,0
Large,15-25,0,ucseq_Drosophila_yakuba_downSmpld,0.063076267,TRUE,35,0.062705933,0.005905885,0
Large,00-05,60,ucseq_Drosophila_yakuba_downSmpld.1,0.065607277,TRUE,32,0.062705933,0.046269051,0
Large,00-05,50,ucseq_Drosophila_yakuba_downSmpld.1,0.064384466,TRUE,32,0.062705933,0.026768328,0
Large,00-05,40,ucseq_Drosophila_yakuba_downSmpld.1,0.063989982,TRUE,32,0.062705933,0.020477313,0
Large,00-05,30,ucseq_Drosophila_yakuba_downSmpld.1,0.063545087,TRUE,32,0.062705933,0.01338237,0
Large,00-05,25,ucseq_Drosophila_yakuba_downSmpld.1,0.063545129,TRUE,32,0.062705933,0.01338304,0
Large,00-05,20,ucseq_Drosophila_yakuba_downSmpld.1,0.063414698,TRUE,32,0.062705933,0.011302997,0
Large,00-05,15,ucseq_Drosophila_yakuba_downSmpld.1,0.063408406,TRUE,32,0.062705933,0.011202656,0
Large,00-05,10,ucseq_Drosophila_yakuba_downSmpld.1,0.0633415,TRUE,32,0.062705933,0.010135676,0
Large,00-05,5,ucseq_Drosophila_yakuba_downSmpld.1,0.063305133,TRUE,32,0.062705933,0.009555715,0
Large,00-05,2,ucseq_Drosophila_yakuba_downSmpld.1,0.063287451,TRUE,32,0.062705933,0.009273732,0
Large,00-05,1,ucseq_Drosophila_yakuba_downSmpld.1,0.063296105,TRUE,32,0.062705933,0.009411741,0
Large,00-05,0,ucseq_Drosophila_yakuba_downSmpld.1,0.063300354,TRUE,32,0.062705933,0.009479502,0
Large,00-00,25,ucseq_Drosophila_yakuba_downSmpld.1,0.063347149,TRUE,32,0.062705933,0.010225763,0
Large,00-00,20,ucseq_Drosophila_yakuba_downSmpld.1,0.063289344,TRUE,32,0.062705933,0.00930392,0
Large,00-00,15,ucseq_Drosophila_yakuba_downSmpld.1,0.063340939,TRUE,32,0.062705933,0.010126729,0
Large,00-00,10,ucseq_Drosophila_yakuba_downSmpld.1,0.063303338,TRUE,32,0.062705933,0.009527089,0
Large,00-00,5,ucseq_Drosophila_yakuba_downSmpld.1,0.063296078,TRUE,32,0.062705933,0.00941131,0
Large,00-00,2,ucseq_Drosophila_yakuba_downSmpld.1,0.063284645,TRUE,32,0.062705933,0.009228983,0
Large,00-00,1,ucseq_Drosophila_yakuba_downSmpld.1,0.063296043,TRUE,32,0.062705933,0.009410752,0
Large,00-00,0,ucseq_Drosophila_yakuba_downSmpld.1,0.063300354,TRUE,32,0.062705933,0.009479502,0
Large,05-15,25,ucseq_Drosophila_yakuba_downSmpld.1,0.064980187,TRUE,32,0.062705933,0.036268562,0
Large,05-15,20,ucseq_Drosophila_yakuba_downSmpld.1,0.06438404,TRUE,32,0.062705933,0.026761535,0
Large,05-15,15,ucseq_Drosophila_yakuba_downSmpld.1,0.063982471,TRUE,32,0.062705933,0.020357531,0
Large,05-15,10,ucseq_Drosophila_yakuba_downSmpld.1,0.063596712,TRUE,32,0.062705933,0.014205657,0
Large,05-15,5,ucseq_Drosophila_yakuba_downSmpld.1,0.06337808,TRUE,32,0.062705933,0.010719034,0
Large,05-15,2,ucseq_Drosophila_yakuba_downSmpld.1,0.063306771,TRUE,32,0.062705933,0.009581837,0
Large,05-15,1,ucseq_Drosophila_yakuba_downSmpld.1,0.063300661,TRUE,32,0.062705933,0.009484398,0
Large,05-15,0,ucseq_Drosophila_yakuba_downSmpld.1,0.063300354,TRUE,32,0.062705933,0.009479502,0
Large,15-25,25,ucseq_Drosophila_yakuba_downSmpld.1,0.067179208,TRUE,32,0.062705933,0.071337349,0
Large,15-25,20,ucseq_Drosophila_yakuba_downSmpld.1,0.065946573,TRUE,32,0.062705933,0.051679958,0
Large,15-25,15,ucseq_Drosophila_yakuba_downSmpld.1,0.064931461,TRUE,32,0.062705933,0.035491506,0
Large,15-25,10,ucseq_Drosophila_yakuba_downSmpld.1,0.064052893,TRUE,32,0.062705933,0.021480583,0
Large,15-25,5,ucseq_Drosophila_yakuba_downSmpld.1,0.063507269,TRUE,32,0.062705933,0.012779269,0
Large,15-25,2,ucseq_Drosophila_yakuba_downSmpld.1,0.063332722,TRUE,32,0.062705933,0.009995689,0
Large,15-25,1,ucseq_Drosophila_yakuba_downSmpld.1,0.063309167,TRUE,32,0.062705933,0.009620047,0
Large,15-25,0,ucseq_Drosophila_yakuba_downSmpld.1,0.063300354,TRUE,32,0.062705933,0.009479502,0
Large,00-05,60,ucseq_Drosophila_yakuba_downSmpld.2,0.06884435,TRUE,29,0.062705933,0.097892124,0
Large,00-05,50,ucseq_Drosophila_yakuba_downSmpld.2,0.067398737,TRUE,29,0.062705933,0.074838277,0
Large,00-05,40,ucseq_Drosophila_yakuba_downSmpld.2,0.067115254,TRUE,29,0.062705933,0.070317445,0
Large,00-05,30,ucseq_Drosophila_yakuba_downSmpld.2,0.066574309,TRUE,29,0.062705933,0.061690749,0
Large,00-05,25,ucseq_Drosophila_yakuba_downSmpld.2,0.06668322,TRUE,29,0.062705933,0.063427603,0
Large,00-05,20,ucseq_Drosophila_yakuba_downSmpld.2,0.066603617,TRUE,29,0.062705933,0.062158137,0
Large,00-05,15,ucseq_Drosophila_yakuba_downSmpld.2,0.06661952,TRUE,29,0.062705933,0.06241175,0
Large,00-05,10,ucseq_Drosophila_yakuba_downSmpld.2,0.066471204,TRUE,29,0.062705933,0.060046487,0
Large,00-05,5,ucseq_Drosophila_yakuba_downSmpld.2,0.066411071,TRUE,29,0.062705933,0.059087519,0
Large,00-05,2,ucseq_Drosophila_yakuba_downSmpld.2,0.066422703,TRUE,29,0.062705933,0.05927302,0
Large,00-05,1,ucseq_Drosophila_yakuba_downSmpld.2,0.066430457,TRUE,29,0.062705933,0.059396676,0
Large,00-05,0,ucseq_Drosophila_yakuba_downSmpld.2,0.066420419,TRUE,29,0.062705933,0.059236596,0
Large,00-00,25,ucseq_Drosophila_yakuba_downSmpld.2,0.066490738,TRUE,29,0.062705933,0.060358005,0
Large,00-00,20,ucseq_Drosophila_yakuba_downSmpld.2,0.066477813,TRUE,29,0.062705933,0.060151884,0
Large,00-00,15,ucseq_Drosophila_yakuba_downSmpld.2,0.066552003,TRUE,29,0.062705933,0.061335026,0
Large,00-00,10,ucseq_Drosophila_yakuba_downSmpld.2,0.066434287,TRUE,29,0.062705933,0.059457755,0
Large,00-00,5,ucseq_Drosophila_yakuba_downSmpld.2,0.06640075,TRUE,29,0.062705933,0.058922925,0
Large,00-00,2,ucseq_Drosophila_yakuba_downSmpld.2,0.066420724,TRUE,29,0.062705933,0.05924146,0
Large,00-00,1,ucseq_Drosophila_yakuba_downSmpld.2,0.066429433,TRUE,29,0.062705933,0.059380346,0
Large,00-00,0,ucseq_Drosophila_yakuba_downSmpld.2,0.066420398,TRUE,29,0.062705933,0.059236261,0
Large,05-15,25,ucseq_Drosophila_yakuba_downSmpld.2,0.067828943,TRUE,29,0.062705933,0.081698968,0
Large,05-15,20,ucseq_Drosophila_yakuba_downSmpld.2,0.067354678,TRUE,29,0.062705933,0.074135648,0
Large,05-15,15,ucseq_Drosophila_yakuba_downSmpld.2,0.067079558,TRUE,29,0.062705933,0.069748185,0
Large,05-15,10,ucseq_Drosophila_yakuba_downSmpld.2,0.0666729,TRUE,29,0.062705933,0.063263025,0
Large,05-15,5,ucseq_Drosophila_yakuba_downSmpld.2,0.066471243,TRUE,29,0.062705933,0.060047109,0
Large,05-15,2,ucseq_Drosophila_yakuba_downSmpld.2,0.066425703,TRUE,29,0.062705933,0.059320862,0
Large,05-15,1,ucseq_Drosophila_yakuba_downSmpld.2,0.06643354,TRUE,29,0.062705933,0.059445842,0
Large,05-15,0,ucseq_Drosophila_yakuba_downSmpld.2,0.066420419,TRUE,29,0.062705933,0.059236596,0
Large,15-25,25,ucseq_Drosophila_yakuba_downSmpld.2,0.070205872,TRUE,29,0.062705933,0.119604934,0
Large,15-25,20,ucseq_Drosophila_yakuba_downSmpld.2,0.069012763,TRUE,29,0.062705933,0.100577883,0
Large,15-25,15,ucseq_Drosophila_yakuba_downSmpld.2,0.068097623,TRUE,29,0.062705933,0.08598373,0
Large,15-25,10,ucseq_Drosophila_yakuba_downSmpld.2,0.067154688,TRUE,29,0.062705933,0.070946317,0
Large,15-25,5,ucseq_Drosophila_yakuba_downSmpld.2,0.066601455,TRUE,29,0.062705933,0.062123659,0
Large,15-25,2,ucseq_Drosophila_yakuba_downSmpld.2,0.066448816,TRUE,29,0.062705933,0.059689456,0
Large,15-25,1,ucseq_Drosophila_yakuba_downSmpld.2,0.066438293,TRUE,29,0.062705933,0.05952164,0
Large,15-25,0,ucseq_Drosophila_yakuba_downSmpld.2,0.066420419,TRUE,29,0.062705933,0.059236596,0
Large,00-05,60,ucseq_Drosophila_yakuba_downSmpld.3,0.069430373,TRUE,28,0.062705933,0.1072377,0
Large,00-05,50,ucseq_Drosophila_yakuba_downSmpld.3,0.067896514,TRUE,28,0.062705933,0.082776553,0
Large,00-05,40,ucseq_Drosophila_yakuba_downSmpld.3,0.067458335,TRUE,28,0.062705933,0.075788714,0
Large,00-05,30,ucseq_Drosophila_yakuba_downSmpld.3,0.067141598,TRUE,28,0.062705933,0.070737565,0
Large,00-05,25,ucseq_Drosophila_yakuba_downSmpld.3,0.067106341,TRUE,28,0.062705933,0.070175305,0
Large,00-05,20,ucseq_Drosophila_yakuba_downSmpld.3,0.066860773,TRUE,28,0.062705933,0.066259121,0
Large,00-05,15,ucseq_Drosophila_yakuba_downSmpld.3,0.066911871,TRUE,28,0.062705933,0.067074004,0
Large,00-05,10,ucseq_Drosophila_yakuba_downSmpld.3,0.066804523,TRUE,28,0.062705933,0.065362077,0
Large,00-05,5,ucseq_Drosophila_yakuba_downSmpld.3,0.066741743,TRUE,28,0.062705933,0.064360895,0
Large,00-05,2,ucseq_Drosophila_yakuba_downSmpld.3,0.066823547,TRUE,28,0.062705933,0.065665461,0
Large,00-05,1,ucseq_Drosophila_yakuba_downSmpld.3,0.066804703,TRUE,28,0.062705933,0.065364947,0
Large,00-05,0,ucseq_Drosophila_yakuba_downSmpld.3,0.066785678,TRUE,28,0.062705933,0.065061547,0
Large,00-00,25,ucseq_Drosophila_yakuba_downSmpld.3,0.066919926,TRUE,28,0.062705933,0.067202461,0
Large,00-00,20,ucseq_Drosophila_yakuba_downSmpld.3,0.066744588,TRUE,28,0.062705933,0.064406266,0
Large,00-00,15,ucseq_Drosophila_yakuba_downSmpld.3,0.066853795,TRUE,28,0.062705933,0.06614784,0
Large,00-00,10,ucseq_Drosophila_yakuba_downSmpld.3,0.066775081,TRUE,28,0.062705933,0.064892552,0
Large,00-00,5,ucseq_Drosophila_yakuba_downSmpld.3,0.066733044,TRUE,28,0.062705933,0.064222169,0
Large,00-00,2,ucseq_Drosophila_yakuba_downSmpld.3,0.066819802,TRUE,28,0.062705933,0.065605738,0
Large,00-00,1,ucseq_Drosophila_yakuba_downSmpld.3,0.066803376,TRUE,28,0.062705933,0.065343785,0
Large,00-00,0,ucseq_Drosophila_yakuba_downSmpld.3,0.066785678,TRUE,28,0.062705933,0.065061547,0
Large,05-15,25,ucseq_Drosophila_yakuba_downSmpld.3,0.06824359,TRUE,28,0.062705933,0.088311532,0
Large,05-15,20,ucseq_Drosophila_yakuba_downSmpld.3,0.0676052,TRUE,28,0.062705933,0.078130837,0
Large,05-15,15,ucseq_Drosophila_yakuba_downSmpld.3,0.067364062,TRUE,28,0.062705933,0.074285299,0
Large,05-15,10,ucseq_Drosophila_yakuba_downSmpld.3,0.06701473,TRUE,28,0.062705933,0.068714343,0
Large,05-15,5,ucseq_Drosophila_yakuba_downSmpld.3,0.066800033,TRUE,28,0.062705933,0.065290473,0
Large,05-15,2,ucseq_Drosophila_yakuba_downSmpld.3,0.066835888,TRUE,28,0.062705933,0.065862269,0
Large,05-15,1,ucseq_Drosophila_yakuba_downSmpld.3,0.066811929,TRUE,28,0.062705933,0.065480184,0
Large,05-15,0,ucseq_Drosophila_yakuba_downSmpld.3,0.066785678,TRUE,28,0.062705933,0.065061547,0
Large,15-25,25,ucseq_Drosophila_yakuba_downSmpld.3,0.070643603,TRUE,28,0.062705933,0.126585629,0
Large,15-25,20,ucseq_Drosophila_yakuba_downSmpld.3,0.069263088,TRUE,28,0.062705933,0.10456993,0
Large,15-25,15,ucseq_Drosophila_yakuba_downSmpld.3,0.068398551,TRUE,28,0.062705933,0.090782765,0
Large,15-25,10,ucseq_Drosophila_yakuba_downSmpld.3,0.067515861,TRUE,28,0.062705933,0.076706107,0
Large,15-25,5,ucseq_Drosophila_yakuba_downSmpld.3,0.06694357,TRUE,28,0.062705933,0.067579522,0
Large,15-25,2,ucseq_Drosophila_yakuba_downSmpld.3,0.06686947,TRUE,28,0.062705933,0.066397816,0
Large,15-25,1,ucseq_Drosophila_yakuba_downSmpld.3,0.066822661,TRUE,28,0.062705933,0.065651332,0
Large,15-25,0,ucseq_Drosophila_yakuba_downSmpld.3,0.066785678,TRUE,28,0.062705933,0.065061547,0
Medium,00-05,60,Dros_sech_plant_bk,0.040148601,FALSE,None,0.021215276,0.892438307,0
Medium,00-05,50,Dros_sech_plant_bk,0.034461883,FALSE,None,0.021215276,0.624390039,0
Medium,00-05,40,Dros_sech_plant_bk,0.030047966,FALSE,None,0.021215276,0.416336323,0
Medium,00-05,30,Dros_sech_plant_bk,0.026610641,FALSE,None,0.021215276,0.254315098,0
Medium,00-05,25,Dros_sech_plant_bk,0.025123941,FALSE,None,0.021215276,0.184238235,0
Medium,00-05,20,Dros_sech_plant_bk,0.023850823,FALSE,None,0.021215276,0.12422874,0
Medium,00-05,15,Dros_sech_plant_bk,0.022742287,FALSE,None,0.021215276,0.071976957,0
Medium,00-05,10,Dros_sech_plant_bk,0.021929425,FALSE,None,0.021215276,0.033662018,0
Medium,00-05,5,Dros_sech_plant_bk,0.021416711,FALSE,None,0.021215276,0.009494809,0
Medium,00-05,2,Dros_sech_plant_bk,0.021250394,FALSE,None,0.021215276,0.001655317,0
Medium,00-05,1,Dros_sech_plant_bk,0.021231781,FALSE,None,0.021215276,0.000777977,0
Medium,00-05,0,Dros_sech_plant_bk,0.021215276,FALSE,None,0.021215276,0,0
Medium,00-00,25,Dros_sech_plant_bk,0.026150124,FALSE,None,0.021215276,0.232608239,0
Medium,00-00,20,Dros_sech_plant_bk,0.024697598,FALSE,None,0.021215276,0.164142196,0
Medium,00-00,15,Dros_sech_plant_bk,0.023326223,FALSE,None,0.021215276,0.099501274,0
Medium,00-00,10,Dros_sech_plant_bk,0.022201918,FALSE,None,0.021215276,0.046506206,0
Medium,00-00,5,Dros_sech_plant_bk,0.021493003,FALSE,None,0.021215276,0.013090897,0
Medium,00-00,2,Dros_sech_plant_bk,0.021262098,FALSE,None,0.021215276,0.002206995,0
Medium,00-00,1,Dros_sech_plant_bk,0.02123743,FALSE,None,0.021215276,0.001044248,0
Medium,00-00,0,Dros_sech_plant_bk,0.021215276,FALSE,None,0.021215276,0,0
Medium,05-15,25,Dros_sech_plant_bk,0.026125541,FALSE,None,0.021215276,0.231449499,0
Medium,05-15,20,Dros_sech_plant_bk,0.024663535,FALSE,None,0.021215276,0.162536608,0
Medium,05-15,15,Dros_sech_plant_bk,0.023303507,FALSE,None,0.021215276,0.098430537,0
Medium,05-15,10,Dros_sech_plant_bk,0.022195388,FALSE,None,0.021215276,0.046198409,0
Medium,05-15,5,Dros_sech_plant_bk,0.021496787,FALSE,None,0.021215276,0.013269259,0
Medium,05-15,2,Dros_sech_plant_bk,0.021262982,FALSE,None,0.021215276,0.002248663,0
Medium,05-15,1,Dros_sech_plant_bk,0.021235296,FALSE,None,0.021215276,0.00094366,0
Medium,05-15,0,Dros_sech_plant_bk,0.021215276,FALSE,None,0.021215276,0,0
Medium,15-25,25,Dros_sech_plant_bk,0.026218949,FALSE,None,0.021215276,0.235852364,0
Medium,15-25,20,Dros_sech_plant_bk,0.024766792,FALSE,None,0.021215276,0.167403714,0
Medium,15-25,15,Dros_sech_plant_bk,0.023370553,FALSE,None,0.021215276,0.101590807,0
Medium,15-25,10,Dros_sech_plant_bk,0.022248209,FALSE,None,0.021215276,0.048688172,0
Medium,15-25,5,Dros_sech_plant_bk,0.021508601,FALSE,None,0.021215276,0.013826122,0
Medium,15-25,2,Dros_sech_plant_bk,0.021267072,FALSE,None,0.021215276,0.002441448,0
Medium,15-25,1,Dros_sech_plant_bk,0.021237485,FALSE,None,0.021215276,0.00104684,0
Medium,15-25,0,Dros_sech_plant_bk,0.021215276,FALSE,None,0.021215276,0,0
Medium,00-05,60,ucseq_Dros_sech_plant,0.022901786,TRUE,35,0.021215276,0.079495077,0
Medium,00-05,50,ucseq_Dros_sech_plant,0.022081025,TRUE,35,0.021215276,0.040807812,0
Medium,00-05,40,ucseq_Dros_sech_plant,0.021565544,TRUE,35,0.021215276,0.016510179,0
Medium,00-05,30,ucseq_Dros_sech_plant,0.021330182,TRUE,35,0.021215276,0.005416192,0
Medium,00-05,25,ucseq_Dros_sech_plant,0.021273123,TRUE,35,0.021215276,0.002726667,0
Medium,00-05,20,ucseq_Dros_sech_plant,0.021269759,TRUE,35,0.021215276,0.002568102,0
Medium,00-05,15,ucseq_Dros_sech_plant,0.021229921,TRUE,35,0.021215276,0.000690304,0
Medium,00-05,10,ucseq_Dros_sech_plant,0.021237305,TRUE,35,0.021215276,0.001038356,0
Medium,00-05,5,ucseq_Dros_sech_plant,0.021251328,TRUE,35,0.021215276,0.001699342,0
Medium,00-05,2,ucseq_Dros_sech_plant,0.021252699,TRUE,35,0.021215276,0.001763965,0
Medium,00-05,1,ucseq_Dros_sech_plant,0.021271009,TRUE,35,0.021215276,0.002627022,0
Medium,00-05,0,ucseq_Dros_sech_plant,0.021274834,TRUE,35,0.021215276,0.002807317,0
Medium,00-00,25,ucseq_Dros_sech_plant,0.021055324,TRUE,35,0.021215276,-0.007539473,0
Medium,00-00,20,ucseq_Dros_sech_plant,0.021129678,TRUE,35,0.021215276,-0.004034734,0
Medium,00-00,15,ucseq_Dros_sech_plant,0.021147129,TRUE,35,0.021215276,-0.003212167,0
Medium,00-00,10,ucseq_Dros_sech_plant,0.021192861,TRUE,35,0.021215276,-0.00105655,0
Medium,00-00,5,ucseq_Dros_sech_plant,0.021239868,TRUE,35,0.021215276,0.001159165,0
Medium,00-00,2,ucseq_Dros_sech_plant,0.021250167,TRUE,35,0.021215276,0.001644617,0
Medium,00-00,1,ucseq_Dros_sech_plant,0.021270252,TRUE,35,0.021215276,0.00259134,0
Medium,00-00,0,ucseq_Dros_sech_plant,0.021274834,TRUE,35,0.021215276,0.002807317,0
Medium,05-15,25,ucseq_Dros_sech_plant,0.023085646,TRUE,35,0.021215276,0.088161474,0
Medium,05-15,20,ucseq_Dros_sech_plant,0.022486399,TRUE,35,0.021215276,0.059915459,0
Medium,05-15,15,ucseq_Dros_sech_plant,0.021960676,TRUE,35,0.021215276,0.03513506,0
Medium,05-15,10,ucseq_Dros_sech_plant,0.021577686,TRUE,35,0.021215276,0.017082502,0
Medium,05-15,5,ucseq_Dros_sech_plant,0.021354708,TRUE,35,0.021215276,0.006572245,0
Medium,05-15,2,ucseq_Dros_sech_plant,0.021276228,TRUE,35,0.021215276,0.002873024,0
Medium,05-15,1,ucseq_Dros_sech_plant,0.021281976,TRUE,35,0.021215276,0.003143961,0
Medium,05-15,0,ucseq_Dros_sech_plant,0.021274834,TRUE,35,0.021215276,0.002807317,0
Medium,15-25,25,ucseq_Dros_sech_plant,0.025334966,TRUE,35,0.021215276,0.194185077,0
Medium,15-25,20,ucseq_Dros_sech_plant,0.024113549,TRUE,35,0.021215276,0.136612552,0
Medium,15-25,15,ucseq_Dros_sech_plant,0.022965261,TRUE,35,0.021215276,0.082487025,0
Medium,15-25,10,ucseq_Dros_sech_plant,0.022071454,TRUE,35,0.021215276,0.040356675,0
Medium,15-25,5,ucseq_Dros_sech_plant,0.021501023,TRUE,35,0.021215276,0.013468927,0
Medium,15-25,2,ucseq_Dros_sech_plant,0.021309174,TRUE,35,0.021215276,0.004425962,0
Medium,15-25,1,ucseq_Dros_sech_plant,0.021295194,TRUE,35,0.021215276,0.003767003,0
Medium,15-25,0,ucseq_Dros_sech_plant,0.021274834,TRUE,35,0.021215276,0.002807317,0
Medium,00-05,60,ucseq_Dros_sech_plant.1,0.022772124,TRUE,32,0.021215276,0.073383349,0
Medium,00-05,50,ucseq_Dros_sech_plant.1,0.022010814,TRUE,32,0.021215276,0.037498357,0
Medium,00-05,40,ucseq_Dros_sech_plant.1,0.021521292,TRUE,32,0.021215276,0.014424323,0
Medium,00-05,30,ucseq_Dros_sech_plant.1,0.02131279,TRUE,32,0.021215276,0.004596405,0
Medium,00-05,25,ucseq_Dros_sech_plant.1,0.021253296,TRUE,32,0.021215276,0.001792105,0
Medium,00-05,20,ucseq_Dros_sech_plant.1,0.021279955,TRUE,32,0.021215276,0.003048699,0
Medium,00-05,15,ucseq_Dros_sech_plant.1,0.021223606,TRUE,32,0.021215276,0.000392642,0
Medium,00-05,10,ucseq_Dros_sech_plant.1,0.021236575,TRUE,32,0.021215276,0.001003946,0
Medium,00-05,5,ucseq_Dros_sech_plant.1,0.021249309,TRUE,32,0.021215276,0.001604174,0
Medium,00-05,2,ucseq_Dros_sech_plant.1,0.021253543,TRUE,32,0.021215276,0.001803747,0
Medium,00-05,1,ucseq_Dros_sech_plant.1,0.021276397,TRUE,32,0.021215276,0.00288099,0
Medium,00-05,0,ucseq_Dros_sech_plant.1,0.021274266,TRUE,32,0.021215276,0.002780544,0
Medium,00-00,25,ucseq_Dros_sech_plant.1,0.021043134,TRUE,32,0.021215276,-0.008114059,0
Medium,00-00,20,ucseq_Dros_sech_plant.1,0.021144236,TRUE,32,0.021215276,-0.003348531,0
Medium,00-00,15,ucseq_Dros_sech_plant.1,0.021149509,TRUE,32,0.021215276,-0.003099983,0
Medium,00-00,10,ucseq_Dros_sech_plant.1,0.021196004,TRUE,32,0.021215276,-0.000908402,0
Medium,00-00,5,ucseq_Dros_sech_plant.1,0.021239296,TRUE,32,0.021215276,0.001132203,0
Medium,00-00,2,ucseq_Dros_sech_plant.1,0.02125035,TRUE,32,0.021215276,0.001653243,0
Medium,00-00,1,ucseq_Dros_sech_plant.1,0.021275239,TRUE,32,0.021215276,0.002826407,0
Medium,00-00,0,ucseq_Dros_sech_plant.1,0.021274266,TRUE,32,0.021215276,0.002780544,0
Medium,05-15,25,ucseq_Dros_sech_plant.1,0.022779873,TRUE,32,0.021215276,0.073748605,0
Medium,05-15,20,ucseq_Dros_sech_plant.1,0.0222963,TRUE,32,0.021215276,0.050954982,0
Medium,05-15,15,ucseq_Dros_sech_plant.1,0.021837898,TRUE,32,0.021215276,0.029347815,0
Medium,05-15,10,ucseq_Dros_sech_plant.1,0.021523615,TRUE,32,0.021215276,0.01453382,0
Medium,05-15,5,ucseq_Dros_sech_plant.1,0.021338121,TRUE,32,0.021215276,0.005790403,0
Medium,05-15,2,ucseq_Dros_sech_plant.1,0.021271226,TRUE,32,0.021215276,0.002637251,0
Medium,05-15,1,ucseq_Dros_sech_plant.1,0.021282863,TRUE,32,0.021215276,0.00318577,0
Medium,05-15,0,ucseq_Dros_sech_plant.1,0.021274266,TRUE,32,0.021215276,0.002780544,0
Medium,15-25,25,ucseq_Dros_sech_plant.1,0.025122543,TRUE,32,0.021215276,0.184172339,0
Medium,15-25,20,ucseq_Dros_sech_plant.1,0.023971576,TRUE,32,0.021215276,0.129920535,0
Medium,15-25,15,ucseq_Dros_sech_plant.1,0.022863666,TRUE,32,0.021215276,0.077698259,0
Medium,15-25,10,ucseq_Dros_sech_plant.1,0.022028718,TRUE,32,0.021215276,0.038342278,0
Medium,15-25,5,ucseq_Dros_sech_plant.1,0.021489512,TRUE,32,0.021215276,0.012926346,0
Medium,15-25,2,ucseq_Dros_sech_plant.1,0.021308337,TRUE,32,0.021215276,0.004386509,0
Medium,15-25,1,ucseq_Dros_sech_plant.1,0.021297821,TRUE,32,0.021215276,0.003890828,0
Medium,15-25,0,ucseq_Dros_sech_plant.1,0.021274266,TRUE,32,0.021215276,0.002780544,0
Medium,00-05,60,ucseq_Dros_sech_plant.2,0.023950125,TRUE,29,0.021215276,0.128909424,0
Medium,00-05,50,ucseq_Dros_sech_plant.2,0.023105548,TRUE,29,0.021215276,0.089099571,0
Medium,00-05,40,ucseq_Dros_sech_plant.2,0.022622614,TRUE,29,0.021215276,0.066336068,0
Medium,00-05,30,ucseq_Dros_sech_plant.2,0.022461026,TRUE,29,0.021215276,0.058719481,0
Medium,00-05,25,ucseq_Dros_sech_plant.2,0.022400856,TRUE,29,0.021215276,0.055883317,0
Medium,00-05,20,ucseq_Dros_sech_plant.2,0.022426545,TRUE,29,0.021215276,0.05709419,0
Medium,00-05,15,ucseq_Dros_sech_plant.2,0.022421256,TRUE,29,0.021215276,0.056844889,0
Medium,00-05,10,ucseq_Dros_sech_plant.2,0.022421137,TRUE,29,0.021215276,0.056839279,0
Medium,00-05,5,ucseq_Dros_sech_plant.2,0.022419268,TRUE,29,0.021215276,0.056751182,0
Medium,00-05,2,ucseq_Dros_sech_plant.2,0.022434683,TRUE,29,0.021215276,0.057477782,0
Medium,00-05,1,ucseq_Dros_sech_plant.2,0.022476565,TRUE,29,0.021215276,0.059451925,0
Medium,00-05,0,ucseq_Dros_sech_plant.2,0.022452153,TRUE,29,0.021215276,0.058301245,0
Medium,00-00,25,ucseq_Dros_sech_plant.2,0.022194223,TRUE,29,0.021215276,0.046143496,0
Medium,00-00,20,ucseq_Dros_sech_plant.2,0.022294588,TRUE,29,0.021215276,0.050874285,0
Medium,00-00,15,ucseq_Dros_sech_plant.2,0.022344144,TRUE,29,0.021215276,0.053210149,0
Medium,00-00,10,ucseq_Dros_sech_plant.2,0.02238041,TRUE,29,0.021215276,0.054919578,0
Medium,00-00,5,ucseq_Dros_sech_plant.2,0.022408056,TRUE,29,0.021215276,0.056222695,0
Medium,00-00,2,ucseq_Dros_sech_plant.2,0.022431627,TRUE,29,0.021215276,0.057333734,0
Medium,00-00,1,ucseq_Dros_sech_plant.2,0.022475833,TRUE,29,0.021215276,0.059417422,0
Medium,00-00,0,ucseq_Dros_sech_plant.2,0.022452153,TRUE,29,0.021215276,0.058301245,0
Medium,05-15,25,ucseq_Dros_sech_plant.2,0.023634471,TRUE,29,0.021215276,0.114030805,0
Medium,05-15,20,ucseq_Dros_sech_plant.2,0.023235016,TRUE,29,0.021215276,0.095202155,0
Medium,05-15,15,ucseq_Dros_sech_plant.2,0.022919972,TRUE,29,0.021215276,0.08035229,0
Medium,05-15,10,ucseq_Dros_sech_plant.2,0.022654422,TRUE,29,0.021215276,0.067835365,0
Medium,05-15,5,ucseq_Dros_sech_plant.2,0.022490939,TRUE,29,0.021215276,0.060129456,0
Medium,05-15,2,ucseq_Dros_sech_plant.2,0.022448483,TRUE,29,0.021215276,0.058128256,0
Medium,05-15,1,ucseq_Dros_sech_plant.2,0.022481116,TRUE,29,0.021215276,0.05966644,0
Medium,05-15,0,ucseq_Dros_sech_plant.2,0.022452153,TRUE,29,0.021215276,0.058301245,0
Medium,15-25,25,ucseq_Dros_sech_plant.2,0.026202867,TRUE,29,0.021215276,0.235094325,0
Medium,15-25,20,ucseq_Dros_sech_plant.2,0.025028282,TRUE,29,0.021215276,0.179729267,0
Medium,15-25,15,ucseq_Dros_sech_plant.2,0.024026943,TRUE,29,0.021215276,0.132530305,0
Medium,15-25,10,ucseq_Dros_sech_plant.2,0.023187804,TRUE,29,0.021215276,0.092976778,0
Medium,15-25,5,ucseq_Dros_sech_plant.2,0.022646701,TRUE,29,0.021215276,0.06747143,0
Medium,15-25,2,ucseq_Dros_sech_plant.2,0.022484331,TRUE,29,0.021215276,0.059817982,0
Medium,15-25,1,ucseq_Dros_sech_plant.2,0.022492071,TRUE,29,0.021215276,0.060182814,0
Medium,15-25,0,ucseq_Dros_sech_plant.2,0.022452153,TRUE,29,0.021215276,0.058301245,0
Medium,00-05,60,ucseq_Dros_sech_plant.3,0.024198894,TRUE,28,0.021215276,0.140635361,0
Medium,00-05,50,ucseq_Dros_sech_plant.3,0.023346269,TRUE,28,0.021215276,0.10044616,0
Medium,00-05,40,ucseq_Dros_sech_plant.3,0.022797269,TRUE,28,0.021215276,0.07456858,0
Medium,00-05,30,ucseq_Dros_sech_plant.3,0.022675194,TRUE,28,0.021215276,0.068814471,0
Medium,00-05,25,ucseq_Dros_sech_plant.3,0.022572237,TRUE,28,0.021215276,0.063961506,0
Medium,00-05,20,ucseq_Dros_sech_plant.3,0.02261283,TRUE,28,0.021215276,0.065874891,0
Medium,00-05,15,ucseq_Dros_sech_plant.3,0.022513747,TRUE,28,0.021215276,0.06120453,0
Medium,00-05,10,ucseq_Dros_sech_plant.3,0.0225724,TRUE,28,0.021215276,0.063969189,0
Medium,00-05,5,ucseq_Dros_sech_plant.3,0.022583712,TRUE,28,0.021215276,0.06450239,0
Medium,00-05,2,ucseq_Dros_sech_plant.3,0.02262405,TRUE,28,0.021215276,0.066403755,0
Medium,00-05,1,ucseq_Dros_sech_plant.3,0.022641124,TRUE,28,0.021215276,0.067208553,0
Medium,00-05,0,ucseq_Dros_sech_plant.3,0.022628222,TRUE,28,0.021215276,0.066600406,0
Medium,00-00,25,ucseq_Dros_sech_plant.3,0.022364615,TRUE,28,0.021215276,0.054175067,0
Medium,00-00,20,ucseq_Dros_sech_plant.3,0.022477927,TRUE,28,0.021215276,0.059516124,0
Medium,00-00,15,ucseq_Dros_sech_plant.3,0.022442633,TRUE,28,0.021215276,0.057852512,0
Medium,00-00,10,ucseq_Dros_sech_plant.3,0.02253,TRUE,28,0.021215276,0.061970629,0
Medium,00-00,5,ucseq_Dros_sech_plant.3,0.022573289,TRUE,28,0.021215276,0.064011093,0
Medium,00-00,2,ucseq_Dros_sech_plant.3,0.022622041,TRUE,28,0.021215276,0.06630906,0
Medium,00-00,1,ucseq_Dros_sech_plant.3,0.022639534,TRUE,28,0.021215276,0.067133607,0
Medium,00-00,0,ucseq_Dros_sech_plant.3,0.022628222,TRUE,28,0.021215276,0.066600406,0
Medium,05-15,25,ucseq_Dros_sech_plant.3,0.023796311,TRUE,28,0.021215276,0.12165927,0
Medium,05-15,20,ucseq_Dros_sech_plant.3,0.023429621,TRUE,28,0.021215276,0.104375027,0
Medium,05-15,15,ucseq_Dros_sech_plant.3,0.023013338,TRUE,28,0.021215276,0.084753175,0
Medium,05-15,10,ucseq_Dros_sech_plant.3,0.022797122,TRUE,28,0.021215276,0.074561651,0
Medium,05-15,5,ucseq_Dros_sech_plant.3,0.022650533,TRUE,28,0.021215276,0.067652054,0
Medium,05-15,2,ucseq_Dros_sech_plant.3,0.022638889,TRUE,28,0.021215276,0.067103204,0
Medium,05-15,1,ucseq_Dros_sech_plant.3,0.022646254,TRUE,28,0.021215276,0.06745036,0
Medium,05-15,0,ucseq_Dros_sech_plant.3,0.022628222,TRUE,28,0.021215276,0.066600406,0
Medium,15-25,25,ucseq_Dros_sech_plant.3,0.026381902,TRUE,28,0.021215276,0.243533292,0
Medium,15-25,20,ucseq_Dros_sech_plant.3,0.025211384,TRUE,28,0.021215276,0.188359935,0
Medium,15-25,15,ucseq_Dros_sech_plant.3,0.024111734,TRUE,28,0.021215276,0.136527001,0
Medium,15-25,10,ucseq_Dros_sech_plant.3,0.023340846,TRUE,28,0.021215276,0.100190542,0
Medium,15-25,5,ucseq_Dros_sech_plant.3,0.022809415,TRUE,28,0.021215276,0.075141092,0
Medium,15-25,2,ucseq_Dros_sech_plant.3,0.022677989,TRUE,28,0.021215276,0.068946216,0
Medium,15-25,1,ucseq_Dros_sech_plant.3,0.022663454,TRUE,28,0.021215276,0.068261096,0
Medium,15-25,0,ucseq_Dros_sech_plant.3,0.022628222,TRUE,28,0.021215276,0.066600406,0
Small,00-05,60,Drosophila_sim_WXD1_downSmpld_bk,0.021406951,FALSE,None,0.001933919,10.06920766,0
Small,00-05,50,Drosophila_sim_WXD1_downSmpld_bk,0.015437019,FALSE,None,0.001933919,6.98224693,0
Small,00-05,40,Drosophila_sim_WXD1_downSmpld_bk,0.010954114,FALSE,None,0.001933919,4.664205171,0
Small,00-05,30,Drosophila_sim_WXD1_downSmpld_bk,0.007431677,FALSE,None,0.001933919,2.842806757,0
Small,00-05,25,Drosophila_sim_WXD1_downSmpld_bk,0.005931698,FALSE,None,0.001933919,2.067190508,0
Small,00-05,20,Drosophila_sim_WXD1_downSmpld_bk,0.004581235,FALSE,None,0.001933919,1.368886701,0
Small,00-05,15,Drosophila_sim_WXD1_downSmpld_bk,0.003468368,FALSE,None,0.001933919,0.79344016,0
Small,00-05,10,Drosophila_sim_WXD1_downSmpld_bk,0.002633814,FALSE,None,0.001933919,0.361905023,0
Small,00-05,5,Drosophila_sim_WXD1_downSmpld_bk,0.002119784,FALSE,None,0.001933919,0.096107955,0
Small,00-05,2,Drosophila_sim_WXD1_downSmpld_bk,0.001973144,FALSE,None,0.001933919,0.020282649,0
Small,00-05,1,Drosophila_sim_WXD1_downSmpld_bk,0.001948023,FALSE,None,0.001933919,0.007292963,0
Small,00-05,0,Drosophila_sim_WXD1_downSmpld_bk,0.001933919,FALSE,None,0.001933919,0,0
Small,00-00,25,Drosophila_sim_WXD1_downSmpld_bk,0.006984005,FALSE,None,0.001933919,2.611322398,0
Small,00-00,20,Drosophila_sim_WXD1_downSmpld_bk,0.005445228,FALSE,None,0.001933919,1.815644295,0
Small,00-00,15,Drosophila_sim_WXD1_downSmpld_bk,0.004061098,FALSE,None,0.001933919,1.099931797,0
Small,00-00,10,Drosophila_sim_WXD1_downSmpld_bk,0.002911352,FALSE,None,0.001933919,0.505415687,0
Small,00-00,5,Drosophila_sim_WXD1_downSmpld_bk,0.00219623,FALSE,None,0.001933919,0.135637015,0
Small,00-00,2,Drosophila_sim_WXD1_downSmpld_bk,0.001985133,FALSE,None,0.001933919,0.026481978,0
Small,00-00,1,Drosophila_sim_WXD1_downSmpld_bk,0.001953076,FALSE,None,0.001933919,0.009905792,0
Small,00-00,0,Drosophila_sim_WXD1_downSmpld_bk,0.001933919,FALSE,None,0.001933919,0,0
Small,05-15,25,Drosophila_sim_WXD1_downSmpld_bk,0.006960914,FALSE,None,0.001933919,2.599382394,0
Small,05-15,20,Drosophila_sim_WXD1_downSmpld_bk,0.005412172,FALSE,None,0.001933919,1.798551542,0
Small,05-15,15,Drosophila_sim_WXD1_downSmpld_bk,0.004038624,FALSE,None,0.001933919,1.088310834,0
Small,05-15,10,Drosophila_sim_WXD1_downSmpld_bk,0.002904186,FALSE,None,0.001933919,0.501710258,0
Small,05-15,5,Drosophila_sim_WXD1_downSmpld_bk,0.002199336,FALSE,None,0.001933919,0.13724308,0
Small,05-15,2,Drosophila_sim_WXD1_downSmpld_bk,0.001986026,FALSE,None,0.001933919,0.026943734,0
Small,05-15,1,Drosophila_sim_WXD1_downSmpld_bk,0.001951613,FALSE,None,0.001933919,0.009149297,0
Small,05-15,0,Drosophila_sim_WXD1_downSmpld_bk,0.001933919,FALSE,None,0.001933919,0,0
Small,15-25,25,Drosophila_sim_WXD1_downSmpld_bk,0.007055547,FALSE,None,0.001933919,2.648315674,0
Small,15-25,20,Drosophila_sim_WXD1_downSmpld_bk,0.005517467,FALSE,None,0.001933919,1.85299798,0
Small,15-25,15,Drosophila_sim_WXD1_downSmpld_bk,0.004107228,FALSE,None,0.001933919,1.123784916,0
Small,15-25,10,Drosophila_sim_WXD1_downSmpld_bk,0.002957815,FALSE,None,0.001933919,0.529440995,0
Small,15-25,5,Drosophila_sim_WXD1_downSmpld_bk,0.002212017,FALSE,None,0.001933919,0.143800232,0
Small,15-25,2,Drosophila_sim_WXD1_downSmpld_bk,0.001990353,FALSE,None,0.001933919,0.02918116,0
Small,15-25,1,Drosophila_sim_WXD1_downSmpld_bk,0.001953692,FALSE,None,0.001933919,0.010224317,0
Small,15-25,0,Drosophila_sim_WXD1_downSmpld_bk,0.001933919,FALSE,None,0.001933919,0,0
Small,00-05,60,ucseq_Drosophila_sim_WXD1_downSmpld,0.003957146,TRUE,35,0.001933919,1.046179804,0
Small,00-05,50,ucseq_Drosophila_sim_WXD1_downSmpld,0.002927775,TRUE,35,0.001933919,0.51390777,0
Small,00-05,40,ucseq_Drosophila_sim_WXD1_downSmpld,0.002387722,TRUE,35,0.001933919,0.234654605,0
Small,00-05,30,ucseq_Drosophila_sim_WXD1_downSmpld,0.002101439,TRUE,35,0.001933919,0.086622035,0
Small,00-05,25,ucseq_Drosophila_sim_WXD1_downSmpld,0.002051959,TRUE,35,0.001933919,0.061036683,0
Small,00-05,20,ucseq_Drosophila_sim_WXD1_downSmpld,0.001992922,TRUE,35,0.001933919,0.030509551,0
Small,00-05,15,ucseq_Drosophila_sim_WXD1_downSmpld,0.001931549,TRUE,35,0.001933919,-0.001225491,0
Small,00-05,10,ucseq_Drosophila_sim_WXD1_downSmpld,0.001911533,TRUE,35,0.001933919,-0.011575459,0
Small,00-05,5,ucseq_Drosophila_sim_WXD1_downSmpld,0.001909871,TRUE,35,0.001933919,-0.012434854,0
Small,00-05,2,ucseq_Drosophila_sim_WXD1_downSmpld,0.00191973,TRUE,35,0.001933919,-0.007336915,0
Small,00-05,1,ucseq_Drosophila_sim_WXD1_downSmpld,0.001931432,TRUE,35,0.001933919,-0.00128599,0
Small,00-05,0,ucseq_Drosophila_sim_WXD1_downSmpld,0.00193371,TRUE,35,0.001933919,-0.000108071,0
Small,00-00,25,ucseq_Drosophila_sim_WXD1_downSmpld,0.001831558,TRUE,35,0.001933919,-0.052929311,0
Small,00-00,20,ucseq_Drosophila_sim_WXD1_downSmpld,0.001856908,TRUE,35,0.001933919,-0.039821213,0
Small,00-00,15,ucseq_Drosophila_sim_WXD1_downSmpld,0.001850581,TRUE,35,0.001933919,-0.043092808,0
Small,00-00,10,ucseq_Drosophila_sim_WXD1_downSmpld,0.001871866,TRUE,35,0.001933919,-0.032086659,0
Small,00-00,5,ucseq_Drosophila_sim_WXD1_downSmpld,0.001899871,TRUE,35,0.001933919,-0.017605701,0
Small,00-00,2,ucseq_Drosophila_sim_WXD1_downSmpld,0.001916612,TRUE,35,0.001933919,-0.008949186,0
Small,00-00,1,ucseq_Drosophila_sim_WXD1_downSmpld,0.001929673,TRUE,35,0.001933919,-0.002195542,0
Small,00-00,0,ucseq_Drosophila_sim_WXD1_downSmpld,0.00193371,TRUE,35,0.001933919,-0.000108071,0
Small,05-15,25,ucseq_Drosophila_sim_WXD1_downSmpld,0.003859288,TRUE,35,0.001933919,0.995578925,0
Small,05-15,20,ucseq_Drosophila_sim_WXD1_downSmpld,0.003193085,TRUE,35,0.001933919,0.651095522,0
Small,05-15,15,ucseq_Drosophila_sim_WXD1_downSmpld,0.002651658,TRUE,35,0.001933919,0.371131883,0
Small,05-15,10,ucseq_Drosophila_sim_WXD1_downSmpld,0.002243592,TRUE,35,0.001933919,0.160127182,0
Small,05-15,5,ucseq_Drosophila_sim_WXD1_downSmpld,0.002010314,TRUE,35,0.001933919,0.039502689,0
Small,05-15,2,ucseq_Drosophila_sim_WXD1_downSmpld,0.001940782,TRUE,35,0.001933919,0.003548753,0
Small,05-15,1,ucseq_Drosophila_sim_WXD1_downSmpld,0.001938638,TRUE,35,0.001933919,0.002440123,0
Small,05-15,0,ucseq_Drosophila_sim_WXD1_downSmpld,0.00193371,TRUE,35,0.001933919,-0.000108071,0
Small,15-25,25,ucseq_Drosophila_sim_WXD1_downSmpld,0.006113992,TRUE,35,0.001933919,2.161451953,0
Small,15-25,20,ucseq_Drosophila_sim_WXD1_downSmpld,0.004819923,TRUE,35,0.001933919,1.492308623,0
Small,15-25,15,ucseq_Drosophila_sim_WXD1_downSmpld,0.003651041,TRUE,35,0.001933919,0.88789758,0
Small,15-25,10,ucseq_Drosophila_sim_WXD1_downSmpld,0.002730298,TRUE,35,0.001933919,0.411795427,0
Small,15-25,5,ucseq_Drosophila_sim_WXD1_downSmpld,0.002151972,TRUE,35,0.001933919,0.112751878,0
Small,15-25,2,ucseq_Drosophila_sim_WXD1_downSmpld,0.00197268,TRUE,35,0.001933919,0.020042722,0
Small,15-25,1,ucseq_Drosophila_sim_WXD1_downSmpld,0.001949603,TRUE,35,0.001933919,0.008109957,0
Small,15-25,0,ucseq_Drosophila_sim_WXD1_downSmpld,0.00193371,TRUE,35,0.001933919,-0.000108071,0
Small,00-05,60,ucseq_Drosophila_sim_WXD1_downSmpld.1,0.003849427,TRUE,32,0.001933919,0.990479953,0
Small,00-05,50,ucseq_Drosophila_sim_WXD1_downSmpld.1,0.002856264,TRUE,32,0.001933919,0.476930523,0
Small,00-05,40,ucseq_Drosophila_sim_WXD1_downSmpld.1,0.002342083,TRUE,32,0.001933919,0.211055375,0
Small,00-05,30,ucseq_Drosophila_sim_WXD1_downSmpld.1,0.002083923,TRUE,32,0.001933919,0.077564779,0
Small,00-05,25,ucseq_Drosophila_sim_WXD1_downSmpld.1,0.002021005,TRUE,32,0.001933919,0.045030842,0
Small,00-05,20,ucseq_Drosophila_sim_WXD1_downSmpld.1,0.001992112,TRUE,32,0.001933919,0.030090712,0
Small,00-05,15,ucseq_Drosophila_sim_WXD1_downSmpld.1,0.001916503,TRUE,32,0.001933919,-0.009005548,0
Small,00-05,10,ucseq_Drosophila_sim_WXD1_downSmpld.1,0.001908056,TRUE,32,0.001933919,-0.013373363,0
Small,00-05,5,ucseq_Drosophila_sim_WXD1_downSmpld.1,0.001907398,TRUE,32,0.001933919,-0.013713604,0
Small,00-05,2,ucseq_Drosophila_sim_WXD1_downSmpld.1,0.001915305,TRUE,32,0.001933919,-0.009625015,0
Small,00-05,1,ucseq_Drosophila_sim_WXD1_downSmpld.1,0.001932877,TRUE,32,0.001933919,-0.000538802,0
Small,00-05,0,ucseq_Drosophila_sim_WXD1_downSmpld.1,0.001933052,TRUE,32,0.001933919,-0.000448312,0
Small,00-00,25,ucseq_Drosophila_sim_WXD1_downSmpld.1,0.001814815,TRUE,32,0.001933919,-0.061586861,0
Small,00-00,20,ucseq_Drosophila_sim_WXD1_downSmpld.1,0.00186336,TRUE,32,0.001933919,-0.036484982,0
Small,00-00,15,ucseq_Drosophila_sim_WXD1_downSmpld.1,0.001842228,TRUE,32,0.001933919,-0.047412017,0
Small,00-00,10,ucseq_Drosophila_sim_WXD1_downSmpld.1,0.001870277,TRUE,32,0.001933919,-0.032908307,0
Small,00-00,5,ucseq_Drosophila_sim_WXD1_downSmpld.1,0.001896992,TRUE,32,0.001933919,-0.019094388,0
Small,00-00,2,ucseq_Drosophila_sim_WXD1_downSmpld.1,0.001912179,TRUE,32,0.001933919,-0.011241422,0
Small,00-00,1,ucseq_Drosophila_sim_WXD1_downSmpld.1,0.001931472,TRUE,32,0.001933919,-0.001265306,0
Small,00-00,0,ucseq_Drosophila_sim_WXD1_downSmpld.1,0.001933052,TRUE,32,0.001933919,-0.000448312,0
Small,05-15,25,ucseq_Drosophila_sim_WXD1_downSmpld.1,0.003546226,TRUE,32,0.001933919,0.833699343,0
Small,05-15,20,ucseq_Drosophila_sim_WXD1_downSmpld.1,0.003003195,TRUE,32,0.001933919,0.552906301,0
Small,05-15,15,ucseq_Drosophila_sim_WXD1_downSmpld.1,0.00252046,TRUE,32,0.001933919,0.303291399,0
Small,05-15,10,ucseq_Drosophila_sim_WXD1_downSmpld.1,0.002185364,TRUE,32,0.001933919,0.130018372,0
Small,05-15,5,ucseq_Drosophila_sim_WXD1_downSmpld.1,0.001992622,TRUE,32,0.001933919,0.030354425,0
Small,05-15,2,ucseq_Drosophila_sim_WXD1_downSmpld.1,0.001933073,TRUE,32,0.001933919,-0.000437454,0
Small,05-15,1,ucseq_Drosophila_sim_WXD1_downSmpld.1,0.001938516,TRUE,32,0.001933919,0.002377039,0
Small,05-15,0,ucseq_Drosophila_sim_WXD1_downSmpld.1,0.001933052,TRUE,32,0.001933919,-0.000448312,0
Small,15-25,25,ucseq_Drosophila_sim_WXD1_downSmpld.1,0.005892626,TRUE,32,0.001933919,2.046986973,0
Small,15-25,20,ucseq_Drosophila_sim_WXD1_downSmpld.1,0.004669023,TRUE,32,0.001933919,1.414280536,0
Small,15-25,15,ucseq_Drosophila_sim_WXD1_downSmpld.1,0.003536163,TRUE,32,0.001933919,0.828495919,0
Small,15-25,10,ucseq_Drosophila_sim_WXD1_downSmpld.1,0.002675963,TRUE,32,0.001933919,0.383699628,0
Small,15-25,5,ucseq_Drosophila_sim_WXD1_downSmpld.1,0.002134126,TRUE,32,0.001933919,0.103523984,0
Small,15-25,2,ucseq_Drosophila_sim_WXD1_downSmpld.1,0.001965107,TRUE,32,0.001933919,0.016126839,0
Small,15-25,1,ucseq_Drosophila_sim_WXD1_downSmpld.1,0.00195028,TRUE,32,0.001933919,0.008460023,0
Small,15-25,0,ucseq_Drosophila_sim_WXD1_downSmpld.1,0.001933052,TRUE,32,0.001933919,-0.000448312,0
Small,00-05,60,ucseq_Drosophila_sim_WXD1_downSmpld.2,0.004340112,TRUE,29,0.001933919,1.244205678,0
Small,00-05,50,ucseq_Drosophila_sim_WXD1_downSmpld.2,0.003179809,TRUE,29,0.001933919,0.644230705,0
Small,00-05,40,ucseq_Drosophila_sim_WXD1_downSmpld.2,0.002785104,TRUE,29,0.001933919,0.440134773,0
Small,00-05,30,ucseq_Drosophila_sim_WXD1_downSmpld.2,0.002408902,TRUE,29,0.001933919,0.24560646,0
Small,00-05,25,ucseq_Drosophila_sim_WXD1_downSmpld.2,0.002445732,TRUE,29,0.001933919,0.264650691,0
Small,00-05,20,ucseq_Drosophila_sim_WXD1_downSmpld.2,0.002354193,TRUE,29,0.001933919,0.217317271,0
Small,00-05,15,ucseq_Drosophila_sim_WXD1_downSmpld.2,0.002323691,TRUE,29,0.001933919,0.201545153,0
Small,00-05,10,ucseq_Drosophila_sim_WXD1_downSmpld.2,0.002287538,TRUE,29,0.001933919,0.182850988,0
Small,00-05,5,ucseq_Drosophila_sim_WXD1_downSmpld.2,0.00228041,TRUE,29,0.001933919,0.179165208,0
Small,00-05,2,ucseq_Drosophila_sim_WXD1_downSmpld.2,0.002287552,TRUE,29,0.001933919,0.182858227,0
Small,00-05,1,ucseq_Drosophila_sim_WXD1_downSmpld.2,0.002298141,TRUE,29,0.001933919,0.188333638,0
Small,00-05,0,ucseq_Drosophila_sim_WXD1_downSmpld.2,0.002286099,TRUE,29,0.001933919,0.182106903,0
Small,00-00,25,ucseq_Drosophila_sim_WXD1_downSmpld.2,0.0022499,TRUE,29,0.001933919,0.163388953,0
Small,00-00,20,ucseq_Drosophila_sim_WXD1_downSmpld.2,0.002227678,TRUE,29,0.001933919,0.151898296,0
Small,00-00,15,ucseq_Drosophila_sim_WXD1_downSmpld.2,0.002252398,TRUE,29,0.001933919,0.16468063,0
Small,00-00,10,ucseq_Drosophila_sim_WXD1_downSmpld.2,0.002249147,TRUE,29,0.001933919,0.162999588,0
Small,00-00,5,ucseq_Drosophila_sim_WXD1_downSmpld.2,0.002269459,TRUE,29,0.001933919,0.173502613,0
Small,00-00,2,ucseq_Drosophila_sim_WXD1_downSmpld.2,0.002284402,TRUE,29,0.001933919,0.18122941,0
Small,00-00,1,ucseq_Drosophila_sim_WXD1_downSmpld.2,0.002297038,TRUE,29,0.001933919,0.187763293,0
Small,00-00,0,ucseq_Drosophila_sim_WXD1_downSmpld.2,0.002286125,TRUE,29,0.001933919,0.182120347,0
Small,05-15,25,ucseq_Drosophila_sim_WXD1_downSmpld.2,0.003664716,TRUE,29,0.001933919,0.894968714,0
Small,05-15,20,ucseq_Drosophila_sim_WXD1_downSmpld.2,0.00314975,TRUE,29,0.001933919,0.628687654,0
Small,05-15,15,ucseq_Drosophila_sim_WXD1_downSmpld.2,0.002799712,TRUE,29,0.001933919,0.447688347,0
Small,05-15,10,ucseq_Drosophila_sim_WXD1_downSmpld.2,0.002510715,TRUE,29,0.001933919,0.298252409,0
Small,05-15,5,ucseq_Drosophila_sim_WXD1_downSmpld.2,0.002346686,TRUE,29,0.001933919,0.213435516,0
Small,05-15,2,ucseq_Drosophila_sim_WXD1_downSmpld.2,0.002296377,TRUE,29,0.001933919,0.1874215,0
Small,05-15,1,ucseq_Drosophila_sim_WXD1_downSmpld.2,0.002303031,TRUE,29,0.001933919,0.190862182,0
Small,05-15,0,ucseq_Drosophila_sim_WXD1_downSmpld.2,0.002286099,TRUE,29,0.001933919,0.182106903,0
Small,15-25,25,ucseq_Drosophila_sim_WXD1_downSmpld.2,0.006207252,TRUE,29,0.001933919,2.209675276,0
Small,15-25,20,ucseq_Drosophila_sim_WXD1_downSmpld.2,0.004908755,TRUE,29,0.001933919,1.538242295,0
Small,15-25,15,ucseq_Drosophila_sim_WXD1_downSmpld.2,0.003880606,TRUE,29,0.001933919,1.006602138,0
Small,15-25,10,ucseq_Drosophila_sim_WXD1_downSmpld.2,0.003014294,TRUE,29,0.001933919,0.558645424,0
Small,15-25,5,ucseq_Drosophila_sim_WXD1_downSmpld.2,0.002491685,TRUE,29,0.001933919,0.288412286,0
Small,15-25,2,ucseq_Drosophila_sim_WXD1_downSmpld.2,0.002331627,TRUE,29,0.001933919,0.205648737,0
Small,15-25,1,ucseq_Drosophila_sim_WXD1_downSmpld.2,0.002315076,TRUE,29,0.001933919,0.197090468,0
Small,15-25,0,ucseq_Drosophila_sim_WXD1_downSmpld.2,0.002286099,TRUE,29,0.001933919,0.182106903,0
Small,00-05,60,ucseq_Drosophila_sim_WXD1_downSmpld.3,0.00423228,TRUE,28,0.001933919,1.188447396,0
Small,00-05,50,ucseq_Drosophila_sim_WXD1_downSmpld.3,0.00320668,TRUE,28,0.001933919,0.658125289,0
Small,00-05,40,ucseq_Drosophila_sim_WXD1_downSmpld.3,0.002623295,TRUE,28,0.001933919,0.356465809,0
Small,00-05,30,ucseq_Drosophila_sim_WXD1_downSmpld.3,0.002341642,TRUE,28,0.001933919,0.210827341,0
Small,00-05,25,ucseq_Drosophila_sim_WXD1_downSmpld.3,0.002343551,TRUE,28,0.001933919,0.211814456,0
Small,00-05,20,ucseq_Drosophila_sim_WXD1_downSmpld.3,0.002279551,TRUE,28,0.001933919,0.178721032,0
Small,00-05,15,ucseq_Drosophila_sim_WXD1_downSmpld.3,0.002184562,TRUE,28,0.001933919,0.12960367,0
Small,00-05,10,ucseq_Drosophila_sim_WXD1_downSmpld.3,0.002151777,TRUE,28,0.001933919,0.112651047,0
Small,00-05,5,ucseq_Drosophila_sim_WXD1_downSmpld.3,0.002149181,TRUE,28,0.001933919,0.111308695,0
Small,00-05,2,ucseq_Drosophila_sim_WXD1_downSmpld.3,0.002188771,TRUE,28,0.001933919,0.13178008,0
Small,00-05,1,ucseq_Drosophila_sim_WXD1_downSmpld.3,0.002192345,TRUE,28,0.001933919,0.133628141,0
Small,00-05,0,ucseq_Drosophila_sim_WXD1_downSmpld.3,0.002190159,TRUE,28,0.001933919,0.132497793,0
Small,00-00,25,ucseq_Drosophila_sim_WXD1_downSmpld.3,0.002141324,TRUE,28,0.001933919,0.10724596,0
Small,00-00,20,ucseq_Drosophila_sim_WXD1_downSmpld.3,0.002152577,TRUE,28,0.001933919,0.113064715,0
Small,00-00,15,ucseq_Drosophila_sim_WXD1_downSmpld.3,0.002116277,TRUE,28,0.001933919,0.094294539,0
Small,00-00,10,ucseq_Drosophila_sim_WXD1_downSmpld.3,0.002115757,TRUE,28,0.001933919,0.094025655,0
Small,00-00,5,ucseq_Drosophila_sim_WXD1_downSmpld.3,0.002138922,TRUE,28,0.001933919,0.106003923,0
Small,00-00,2,ucseq_Drosophila_sim_WXD1_downSmpld.3,0.002185518,TRUE,28,0.001933919,0.130098003,0
Small,00-00,1,ucseq_Drosophila_sim_WXD1_downSmpld.3,0.002189976,TRUE,28,0.001933919,0.132403167,0
Small,00-00,0,ucseq_Drosophila_sim_WXD1_downSmpld.3,0.002190159,TRUE,28,0.001933919,0.132497793,0
Small,05-15,25,ucseq_Drosophila_sim_WXD1_downSmpld.3,0.003558243,TRUE,28,0.001933919,0.83991315,0
Small,05-15,20,ucseq_Drosophila_sim_WXD1_downSmpld.3,0.003088734,TRUE,28,0.001933919,0.597137212,0
Small,05-15,15,ucseq_Drosophila_sim_WXD1_downSmpld.3,0.002675142,TRUE,28,0.001933919,0.383275101,0
Small,05-15,10,ucseq_Drosophila_sim_WXD1_downSmpld.3,0.002370233,TRUE,28,0.001933919,0.225611311,0
Small,05-15,5,ucseq_Drosophila_sim_WXD1_downSmpld.3,0.002210364,TRUE,28,0.001933919,0.14294549,0
Small,05-15,2,ucseq_Drosophila_sim_WXD1_downSmpld.3,0.002201346,TRUE,28,0.001933919,0.13828242,0
Small,05-15,1,ucseq_Drosophila_sim_WXD1_downSmpld.3,0.002197231,TRUE,28,0.001933919,0.136154617,0
Small,05-15,0,ucseq_Drosophila_sim_WXD1_downSmpld.3,0.002190159,TRUE,28,0.001933919,0.132497793,0
Small,15-25,25,ucseq_Drosophila_sim_WXD1_downSmpld.3,0.006138258,TRUE,28,0.001933919,2.173999532,0
Small,15-25,20,ucseq_Drosophila_sim_WXD1_downSmpld.3,0.00485824,TRUE,28,0.001933919,1.512121759,0
Small,15-25,15,ucseq_Drosophila_sim_WXD1_downSmpld.3,0.003759029,TRUE,28,0.001933919,0.943736527,0
Small,15-25,10,ucseq_Drosophila_sim_WXD1_downSmpld.3,0.002898771,TRUE,28,0.001933919,0.498910244,0
Small,15-25,5,ucseq_Drosophila_sim_WXD1_downSmpld.3,0.002361583,TRUE,28,0.001933919,0.221138528,0
Small,15-25,2,ucseq_Drosophila_sim_WXD1_downSmpld.3,0.002236787,TRUE,28,0.001933919,0.156608421,0
Small,15-25,1,ucseq_Drosophila_sim_WXD1_downSmpld.3,0.002210721,TRUE,28,0.001933919,0.14313009,0
Small,15-25,0,ucseq_Drosophila_sim_WXD1_downSmpld.3,0.002190159,TRUE,28,0.001933919,0.132497793,0