Pair,bin,cl,variable,est,Kraken,k,D,error,confidence
Large,00-05,60,Drosophila_yakuba_downSmpld,0.081262185,FALSE,None,0.062705933,0.29592498,0
Large,00-05,50,Drosophila_yakuba_downSmpld,0.075416745,FALSE,None,0.062705933,0.202705093,0
Large,00-05,40,Drosophila_yakuba_downSmpld,0.071349759,FALSE,None,0.062705933,0.13784702,0
Large,00-05,30,Drosophila_yakuba_downSmpld,0.067923115,FALSE,None,0.062705933,0.083200771,0
Large,00-05,25,Drosophila_yakuba_downSmpld,0.066569567,FALSE,None,0.062705933,0.061615127,0
Large,00-05,20,Drosophila_yakuba_downSmpld,0.06525322,FALSE,None,0.062705933,0.040622743,0
Large,00-05,15,Drosophila_yakuba_downSmpld,0.064228282,FALSE,None,0.062705933,0.024277591,0
Large,00-05,10,Drosophila_yakuba_downSmpld,0.063398952,FALSE,None,0.062705933,0.011051889,0
Large,00-05,5,Drosophila_yakuba_downSmpld,0.062898372,FALSE,None,0.062705933,0.003068912,0
Large,00-05,2,Drosophila_yakuba_downSmpld,0.062729103,FALSE,None,0.062705933,0.000369503,0
Large,00-05,1,Drosophila_yakuba_downSmpld,0.062707626,FALSE,None,0.062705933,2.70E-05,0
Large,00-05,0,Drosophila_yakuba_downSmpld,0.062705933,FALSE,None,0.062705933,0,0
Large,00-00,25,Drosophila_yakuba_downSmpld,0.067561523,FALSE,None,0.062705933,0.0774343,0
Large,00-00,20,Drosophila_yakuba_downSmpld,0.066080908,FALSE,None,0.062705933,0.05382226,0
Large,00-00,15,Drosophila_yakuba_downSmpld,0.06479919,FALSE,None,0.062705933,0.03338212,0
Large,00-00,10,Drosophila_yakuba_downSmpld,0.063663781,FALSE,None,0.062705933,0.015275237,0
Large,00-00,5,Drosophila_yakuba_downSmpld,0.062969723,FALSE,None,0.062705933,0.004206779,0
Large,00-00,2,Drosophila_yakuba_downSmpld,0.062739375,FALSE,None,0.062705933,0.000533315,0
Large,00-00,1,Drosophila_yakuba_downSmpld,0.062712965,FALSE,None,0.062705933,0.000112142,0
Large,00-00,0,Drosophila_yakuba_downSmpld,0.062705933,FALSE,None,0.062705933,0,0
Large,15-May,25,Drosophila_yakuba_downSmpld,0.067536842,FALSE,None,0.062705933,0.0770407,0
Large,15-May,20,Drosophila_yakuba_downSmpld,0.066047279,FALSE,None,0.062705933,0.053285963,0
Large,15-May,15,Drosophila_yakuba_downSmpld,0.064777505,FALSE,None,0.062705933,0.0330363,0
Large,15-May,10,Drosophila_yakuba_downSmpld,0.063655175,FALSE,None,0.062705933,0.015137993,0
Large,15-May,5,Drosophila_yakuba_downSmpld,0.062973364,FALSE,None,0.062705933,0.004264844,0
Large,15-May,2,Drosophila_yakuba_downSmpld,0.062740948,FALSE,None,0.062705933,0.0005584,0
Large,15-May,1,Drosophila_yakuba_downSmpld,0.062710665,FALSE,None,0.062705933,7.55E-05,0
Large,15-May,0,Drosophila_yakuba_downSmpld,0.062705933,FALSE,None,0.062705933,0,0
Large,15-25,25,Drosophila_yakuba_downSmpld,0.067632038,FALSE,None,0.062705933,0.078558834,0
Large,15-25,20,Drosophila_yakuba_downSmpld,0.066150061,FALSE,None,0.062705933,0.054925074,0
Large,15-25,15,Drosophila_yakuba_downSmpld,0.064843348,FALSE,None,0.062705933,0.034086328,0
Large,15-25,10,Drosophila_yakuba_downSmpld,0.063709782,FALSE,None,0.062705933,0.016008836,0
Large,15-25,5,Drosophila_yakuba_downSmpld,0.062985172,FALSE,None,0.062705933,0.004453151,0
Large,15-25,2,Drosophila_yakuba_downSmpld,0.062745161,FALSE,None,0.062705933,0.000625587,0
Large,15-25,1,Drosophila_yakuba_downSmpld,0.0627133,FALSE,None,0.062705933,0.000117485,0
Large,15-25,0,Drosophila_yakuba_downSmpld,0.062705933,FALSE,None,0.062705933,0,0
Large,00-05,60,ucseq_Drosophila_yakuba_downSmpld,0.065472922,TRUE,35,0.062705933,0.044126431,0
Large,00-05,50,ucseq_Drosophila_yakuba_downSmpld,0.064207545,TRUE,35,0.062705933,0.023946889,0
Large,00-05,40,ucseq_Drosophila_yakuba_downSmpld,0.063773876,TRUE,35,0.062705933,0.017030972,0
Large,00-05,30,ucseq_Drosophila_yakuba_downSmpld,0.063351448,TRUE,35,0.062705933,0.010294321,0
Large,00-05,25,ucseq_Drosophila_yakuba_downSmpld,0.063352705,TRUE,35,0.062705933,0.010314367,0
Large,00-05,20,ucseq_Drosophila_yakuba_downSmpld,0.063229727,TRUE,35,0.062705933,0.008353181,0
Large,00-05,15,ucseq_Drosophila_yakuba_downSmpld,0.063213311,TRUE,35,0.062705933,0.008091387,0
Large,00-05,10,ucseq_Drosophila_yakuba_downSmpld,0.063130529,TRUE,35,0.062705933,0.006771225,0
Large,00-05,5,ucseq_Drosophila_yakuba_downSmpld,0.063089484,TRUE,35,0.062705933,0.006116662,0
Large,00-05,2,ucseq_Drosophila_yakuba_downSmpld,0.063070759,TRUE,35,0.062705933,0.005818046,0
Large,00-05,1,ucseq_Drosophila_yakuba_downSmpld,0.063073534,TRUE,35,0.062705933,0.0058623,0
Large,00-05,0,ucseq_Drosophila_yakuba_downSmpld,0.063076267,TRUE,35,0.062705933,0.005905885,0
Large,00-00,25,ucseq_Drosophila_yakuba_downSmpld,0.063140553,TRUE,35,0.062705933,0.006931083,0
Large,00-00,20,ucseq_Drosophila_yakuba_downSmpld,0.063098549,TRUE,35,0.062705933,0.006261226,0
Large,00-00,15,ucseq_Drosophila_yakuba_downSmpld,0.063149253,TRUE,35,0.062705933,0.007069825,0
Large,00-00,10,ucseq_Drosophila_yakuba_downSmpld,0.063099989,TRUE,35,0.062705933,0.00628419,0
Large,00-00,5,ucseq_Drosophila_yakuba_downSmpld,0.063076298,TRUE,35,0.062705933,0.005906379,0
Large,00-00,2,ucseq_Drosophila_yakuba_downSmpld,0.063068552,TRUE,35,0.062705933,0.00578285,0
Large,00-00,1,ucseq_Drosophila_yakuba_downSmpld,0.063072467,TRUE,35,0.062705933,0.005845284,0
Large,00-00,0,ucseq_Drosophila_yakuba_downSmpld,0.063076267,TRUE,35,0.062705933,0.005905885,0
Large,15-May,25,ucseq_Drosophila_yakuba_downSmpld,0.065052676,TRUE,35,0.062705933,0.037424577,0
Large,15-May,20,ucseq_Drosophila_yakuba_downSmpld,0.064356538,TRUE,35,0.062705933,0.026322948,0
Large,15-May,15,ucseq_Drosophila_yakuba_downSmpld,0.063887516,TRUE,35,0.062705933,0.018843241,0
Large,15-May,10,ucseq_Drosophila_yakuba_downSmpld,0.063430937,TRUE,35,0.062705933,0.011561968,0
Large,15-May,5,ucseq_Drosophila_yakuba_downSmpld,0.063175893,TRUE,35,0.062705933,0.007494666,0
Large,15-May,2,ucseq_Drosophila_yakuba_downSmpld,0.063087214,TRUE,35,0.062705933,0.006080461,0
Large,15-May,1,ucseq_Drosophila_yakuba_downSmpld,0.063075498,TRUE,35,0.062705933,0.005893621,0
Large,15-May,0,ucseq_Drosophila_yakuba_downSmpld,0.063076267,TRUE,35,0.062705933,0.005905885,0
Large,15-25,25,ucseq_Drosophila_yakuba_downSmpld,0.067160802,TRUE,35,0.062705933,0.07104382,0
Large,15-25,20,ucseq_Drosophila_yakuba_downSmpld,0.065892223,TRUE,35,0.062705933,0.050813214,0
Large,15-25,15,ucseq_Drosophila_yakuba_downSmpld,0.064821856,TRUE,35,0.062705933,0.033743585,0
Large,15-25,10,ucseq_Drosophila_yakuba_downSmpld,0.0638883,TRUE,35,0.062705933,0.018855744,0
Large,15-25,5,ucseq_Drosophila_yakuba_downSmpld,0.06330742,TRUE,35,0.062705933,0.009592186,0
Large,15-25,2,ucseq_Drosophila_yakuba_downSmpld,0.06311751,TRUE,35,0.062705933,0.006563605,0
Large,15-25,1,ucseq_Drosophila_yakuba_downSmpld,0.063089233,TRUE,35,0.062705933,0.006112659,0
Large,15-25,0,ucseq_Drosophila_yakuba_downSmpld,0.063076267,TRUE,35,0.062705933,0.005905885,0
Large,00-05,60,ucseq_Drosophila_yakuba_downSmpld.1,0.065607277,TRUE,32,0.062705933,0.046269051,0
Large,00-05,50,ucseq_Drosophila_yakuba_downSmpld.1,0.064384466,TRUE,32,0.062705933,0.026768328,0
Large,00-05,40,ucseq_Drosophila_yakuba_downSmpld.1,0.063989982,TRUE,32,0.062705933,0.020477313,0
Large,00-05,30,ucseq_Drosophila_yakuba_downSmpld.1,0.063545087,TRUE,32,0.062705933,0.01338237,0
Large,00-05,25,ucseq_Drosophila_yakuba_downSmpld.1,0.063545129,TRUE,32,0.062705933,0.01338304,0
Large,00-05,20,ucseq_Drosophila_yakuba_downSmpld.1,0.063414698,TRUE,32,0.062705933,0.011302997,0
Large,00-05,15,ucseq_Drosophila_yakuba_downSmpld.1,0.063408406,TRUE,32,0.062705933,0.011202656,0
Large,00-05,10,ucseq_Drosophila_yakuba_downSmpld.1,0.0633415,TRUE,32,0.062705933,0.010135676,0
Large,00-05,5,ucseq_Drosophila_yakuba_downSmpld.1,0.063305133,TRUE,32,0.062705933,0.009555715,0
Large,00-05,2,ucseq_Drosophila_yakuba_downSmpld.1,0.063287451,TRUE,32,0.062705933,0.009273732,0
Large,00-05,1,ucseq_Drosophila_yakuba_downSmpld.1,0.063296105,TRUE,32,0.062705933,0.009411741,0
Large,00-05,0,ucseq_Drosophila_yakuba_downSmpld.1,0.063300354,TRUE,32,0.062705933,0.009479502,0
Large,00-00,25,ucseq_Drosophila_yakuba_downSmpld.1,0.063347149,TRUE,32,0.062705933,0.010225763,0
Large,00-00,20,ucseq_Drosophila_yakuba_downSmpld.1,0.063289344,TRUE,32,0.062705933,0.00930392,0
Large,00-00,15,ucseq_Drosophila_yakuba_downSmpld.1,0.063340939,TRUE,32,0.062705933,0.010126729,0
Large,00-00,10,ucseq_Drosophila_yakuba_downSmpld.1,0.063303338,TRUE,32,0.062705933,0.009527089,0
Large,00-00,5,ucseq_Drosophila_yakuba_downSmpld.1,0.063296078,TRUE,32,0.062705933,0.00941131,0
Large,00-00,2,ucseq_Drosophila_yakuba_downSmpld.1,0.063284645,TRUE,32,0.062705933,0.009228983,0
Large,00-00,1,ucseq_Drosophila_yakuba_downSmpld.1,0.063296043,TRUE,32,0.062705933,0.009410752,0
Large,00-00,0,ucseq_Drosophila_yakuba_downSmpld.1,0.063300354,TRUE,32,0.062705933,0.009479502,0
Large,15-May,25,ucseq_Drosophila_yakuba_downSmpld.1,0.064980187,TRUE,32,0.062705933,0.036268562,0
Large,15-May,20,ucseq_Drosophila_yakuba_downSmpld.1,0.06438404,TRUE,32,0.062705933,0.026761535,0
Large,15-May,15,ucseq_Drosophila_yakuba_downSmpld.1,0.063982471,TRUE,32,0.062705933,0.020357531,0
Large,15-May,10,ucseq_Drosophila_yakuba_downSmpld.1,0.063596712,TRUE,32,0.062705933,0.014205657,0
Large,15-May,5,ucseq_Drosophila_yakuba_downSmpld.1,0.06337808,TRUE,32,0.062705933,0.010719034,0
Large,15-May,2,ucseq_Drosophila_yakuba_downSmpld.1,0.063306771,TRUE,32,0.062705933,0.009581837,0
Large,15-May,1,ucseq_Drosophila_yakuba_downSmpld.1,0.063300661,TRUE,32,0.062705933,0.009484398,0
Large,15-May,0,ucseq_Drosophila_yakuba_downSmpld.1,0.063300354,TRUE,32,0.062705933,0.009479502,0
Large,15-25,25,ucseq_Drosophila_yakuba_downSmpld.1,0.067179208,TRUE,32,0.062705933,0.071337349,0
Large,15-25,20,ucseq_Drosophila_yakuba_downSmpld.1,0.065946573,TRUE,32,0.062705933,0.051679958,0
Large,15-25,15,ucseq_Drosophila_yakuba_downSmpld.1,0.064931461,TRUE,32,0.062705933,0.035491506,0
Large,15-25,10,ucseq_Drosophila_yakuba_downSmpld.1,0.064052893,TRUE,32,0.062705933,0.021480583,0
Large,15-25,5,ucseq_Drosophila_yakuba_downSmpld.1,0.063507269,TRUE,32,0.062705933,0.012779269,0
Large,15-25,2,ucseq_Drosophila_yakuba_downSmpld.1,0.063332722,TRUE,32,0.062705933,0.009995689,0
Large,15-25,1,ucseq_Drosophila_yakuba_downSmpld.1,0.063309167,TRUE,32,0.062705933,0.009620047,0
Large,15-25,0,ucseq_Drosophila_yakuba_downSmpld.1,0.063300354,TRUE,32,0.062705933,0.009479502,0
Large,00-05,60,ucseq_Drosophila_yakuba_downSmpld.2,0.06884435,TRUE,29,0.062705933,0.097892124,0
Large,00-05,50,ucseq_Drosophila_yakuba_downSmpld.2,0.067398737,TRUE,29,0.062705933,0.074838277,0
Large,00-05,40,ucseq_Drosophila_yakuba_downSmpld.2,0.067115254,TRUE,29,0.062705933,0.070317445,0
Large,00-05,30,ucseq_Drosophila_yakuba_downSmpld.2,0.066574309,TRUE,29,0.062705933,0.061690749,0
Large,00-05,25,ucseq_Drosophila_yakuba_downSmpld.2,0.06668322,TRUE,29,0.062705933,0.063427603,0
Large,00-05,20,ucseq_Drosophila_yakuba_downSmpld.2,0.066603617,TRUE,29,0.062705933,0.062158137,0
Large,00-05,15,ucseq_Drosophila_yakuba_downSmpld.2,0.06661952,TRUE,29,0.062705933,0.06241175,0
Large,00-05,10,ucseq_Drosophila_yakuba_downSmpld.2,0.066471204,TRUE,29,0.062705933,0.060046487,0
Large,00-05,5,ucseq_Drosophila_yakuba_downSmpld.2,0.066411071,TRUE,29,0.062705933,0.059087519,0
Large,00-05,2,ucseq_Drosophila_yakuba_downSmpld.2,0.066422703,TRUE,29,0.062705933,0.05927302,0
Large,00-05,1,ucseq_Drosophila_yakuba_downSmpld.2,0.066430457,TRUE,29,0.062705933,0.059396676,0
Large,00-05,0,ucseq_Drosophila_yakuba_downSmpld.2,0.066420419,TRUE,29,0.062705933,0.059236596,0
Large,00-00,25,ucseq_Drosophila_yakuba_downSmpld.2,0.066490738,TRUE,29,0.062705933,0.060358005,0
Large,00-00,20,ucseq_Drosophila_yakuba_downSmpld.2,0.066477813,TRUE,29,0.062705933,0.060151884,0
Large,00-00,15,ucseq_Drosophila_yakuba_downSmpld.2,0.066552003,TRUE,29,0.062705933,0.061335026,0
Large,00-00,10,ucseq_Drosophila_yakuba_downSmpld.2,0.066434287,TRUE,29,0.062705933,0.059457755,0
Large,00-00,5,ucseq_Drosophila_yakuba_downSmpld.2,0.06640075,TRUE,29,0.062705933,0.058922925,0
Large,00-00,2,ucseq_Drosophila_yakuba_downSmpld.2,0.066420724,TRUE,29,0.062705933,0.05924146,0
Large,00-00,1,ucseq_Drosophila_yakuba_downSmpld.2,0.066429433,TRUE,29,0.062705933,0.059380346,0
Large,00-00,0,ucseq_Drosophila_yakuba_downSmpld.2,0.066420398,TRUE,29,0.062705933,0.059236261,0
Large,15-May,25,ucseq_Drosophila_yakuba_downSmpld.2,0.067828943,TRUE,29,0.062705933,0.081698968,0
Large,15-May,20,ucseq_Drosophila_yakuba_downSmpld.2,0.067354678,TRUE,29,0.062705933,0.074135648,0
Large,15-May,15,ucseq_Drosophila_yakuba_downSmpld.2,0.067079558,TRUE,29,0.062705933,0.069748185,0
Large,15-May,10,ucseq_Drosophila_yakuba_downSmpld.2,0.0666729,TRUE,29,0.062705933,0.063263025,0
Large,15-May,5,ucseq_Drosophila_yakuba_downSmpld.2,0.066471243,TRUE,29,0.062705933,0.060047109,0
Large,15-May,2,ucseq_Drosophila_yakuba_downSmpld.2,0.066425703,TRUE,29,0.062705933,0.059320862,0
Large,15-May,1,ucseq_Drosophila_yakuba_downSmpld.2,0.06643354,TRUE,29,0.062705933,0.059445842,0
Large,15-May,0,ucseq_Drosophila_yakuba_downSmpld.2,0.066420419,TRUE,29,0.062705933,0.059236596,0
Large,15-25,25,ucseq_Drosophila_yakuba_downSmpld.2,0.070205872,TRUE,29,0.062705933,0.119604934,0
Large,15-25,20,ucseq_Drosophila_yakuba_downSmpld.2,0.069012763,TRUE,29,0.062705933,0.100577883,0
Large,15-25,15,ucseq_Drosophila_yakuba_downSmpld.2,0.068097623,TRUE,29,0.062705933,0.08598373,0
Large,15-25,10,ucseq_Drosophila_yakuba_downSmpld.2,0.067154688,TRUE,29,0.062705933,0.070946317,0
Large,15-25,5,ucseq_Drosophila_yakuba_downSmpld.2,0.066601455,TRUE,29,0.062705933,0.062123659,0
Large,15-25,2,ucseq_Drosophila_yakuba_downSmpld.2,0.066448816,TRUE,29,0.062705933,0.059689456,0
Large,15-25,1,ucseq_Drosophila_yakuba_downSmpld.2,0.066438293,TRUE,29,0.062705933,0.05952164,0
Large,15-25,0,ucseq_Drosophila_yakuba_downSmpld.2,0.066420419,TRUE,29,0.062705933,0.059236596,0
Large,00-05,60,ucseq_Drosophila_yakuba_downSmpld.3,0.069430373,TRUE,28,0.062705933,0.1072377,0
Large,00-05,50,ucseq_Drosophila_yakuba_downSmpld.3,0.067896514,TRUE,28,0.062705933,0.082776553,0
Large,00-05,40,ucseq_Drosophila_yakuba_downSmpld.3,0.067458335,TRUE,28,0.062705933,0.075788714,0
Large,00-05,30,ucseq_Drosophila_yakuba_downSmpld.3,0.067141598,TRUE,28,0.062705933,0.070737565,0
Large,00-05,25,ucseq_Drosophila_yakuba_downSmpld.3,0.067106341,TRUE,28,0.062705933,0.070175305,0
Large,00-05,20,ucseq_Drosophila_yakuba_downSmpld.3,0.066860773,TRUE,28,0.062705933,0.066259121,0
Large,00-05,15,ucseq_Drosophila_yakuba_downSmpld.3,0.066911871,TRUE,28,0.062705933,0.067074004,0
Large,00-05,10,ucseq_Drosophila_yakuba_downSmpld.3,0.066804523,TRUE,28,0.062705933,0.065362077,0
Large,00-05,5,ucseq_Drosophila_yakuba_downSmpld.3,0.066741743,TRUE,28,0.062705933,0.064360895,0
Large,00-05,2,ucseq_Drosophila_yakuba_downSmpld.3,0.066823547,TRUE,28,0.062705933,0.065665461,0
Large,00-05,1,ucseq_Drosophila_yakuba_downSmpld.3,0.066804703,TRUE,28,0.062705933,0.065364947,0
Large,00-05,0,ucseq_Drosophila_yakuba_downSmpld.3,0.066785678,TRUE,28,0.062705933,0.065061547,0
Large,00-00,25,ucseq_Drosophila_yakuba_downSmpld.3,0.066919926,TRUE,28,0.062705933,0.067202461,0
Large,00-00,20,ucseq_Drosophila_yakuba_downSmpld.3,0.066744588,TRUE,28,0.062705933,0.064406266,0
Large,00-00,15,ucseq_Drosophila_yakuba_downSmpld.3,0.066853795,TRUE,28,0.062705933,0.06614784,0
Large,00-00,10,ucseq_Drosophila_yakuba_downSmpld.3,0.066775081,TRUE,28,0.062705933,0.064892552,0
Large,00-00,5,ucseq_Drosophila_yakuba_downSmpld.3,0.066733044,TRUE,28,0.062705933,0.064222169,0
Large,00-00,2,ucseq_Drosophila_yakuba_downSmpld.3,0.066819802,TRUE,28,0.062705933,0.065605738,0
Large,00-00,1,ucseq_Drosophila_yakuba_downSmpld.3,0.066803376,TRUE,28,0.062705933,0.065343785,0
Large,00-00,0,ucseq_Drosophila_yakuba_downSmpld.3,0.066785678,TRUE,28,0.062705933,0.065061547,0
Large,15-May,25,ucseq_Drosophila_yakuba_downSmpld.3,0.06824359,TRUE,28,0.062705933,0.088311532,0
Large,15-May,20,ucseq_Drosophila_yakuba_downSmpld.3,0.0676052,TRUE,28,0.062705933,0.078130837,0
Large,15-May,15,ucseq_Drosophila_yakuba_downSmpld.3,0.067364062,TRUE,28,0.062705933,0.074285299,0
Large,15-May,10,ucseq_Drosophila_yakuba_downSmpld.3,0.06701473,TRUE,28,0.062705933,0.068714343,0
Large,15-May,5,ucseq_Drosophila_yakuba_downSmpld.3,0.066800033,TRUE,28,0.062705933,0.065290473,0
Large,15-May,2,ucseq_Drosophila_yakuba_downSmpld.3,0.066835888,TRUE,28,0.062705933,0.065862269,0
Large,15-May,1,ucseq_Drosophila_yakuba_downSmpld.3,0.066811929,TRUE,28,0.062705933,0.065480184,0
Large,15-May,0,ucseq_Drosophila_yakuba_downSmpld.3,0.066785678,TRUE,28,0.062705933,0.065061547,0
Large,15-25,25,ucseq_Drosophila_yakuba_downSmpld.3,0.070643603,TRUE,28,0.062705933,0.126585629,0
Large,15-25,20,ucseq_Drosophila_yakuba_downSmpld.3,0.069263088,TRUE,28,0.062705933,0.10456993,0
Large,15-25,15,ucseq_Drosophila_yakuba_downSmpld.3,0.068398551,TRUE,28,0.062705933,0.090782765,0
Large,15-25,10,ucseq_Drosophila_yakuba_downSmpld.3,0.067515861,TRUE,28,0.062705933,0.076706107,0
Large,15-25,5,ucseq_Drosophila_yakuba_downSmpld.3,0.06694357,TRUE,28,0.062705933,0.067579522,0
Large,15-25,2,ucseq_Drosophila_yakuba_downSmpld.3,0.06686947,TRUE,28,0.062705933,0.066397816,0
Large,15-25,1,ucseq_Drosophila_yakuba_downSmpld.3,0.066822661,TRUE,28,0.062705933,0.065651332,0
Large,15-25,0,ucseq_Drosophila_yakuba_downSmpld.3,0.066785678,TRUE,28,0.062705933,0.065061547,0
Medium,00-05,60,Dros_sech_plant_bk,0.040148601,FALSE,None,0.021215276,0.892438307,0
Medium,00-05,50,Dros_sech_plant_bk,0.034461883,FALSE,None,0.021215276,0.624390039,0
Medium,00-05,40,Dros_sech_plant_bk,0.030047966,FALSE,None,0.021215276,0.416336323,0
Medium,00-05,30,Dros_sech_plant_bk,0.026610641,FALSE,None,0.021215276,0.254315098,0
Medium,00-05,25,Dros_sech_plant_bk,0.025123941,FALSE,None,0.021215276,0.184238235,0
Medium,00-05,20,Dros_sech_plant_bk,0.023850823,FALSE,None,0.021215276,0.12422874,0
Medium,00-05,15,Dros_sech_plant_bk,0.022742287,FALSE,None,0.021215276,0.071976957,0
Medium,00-05,10,Dros_sech_plant_bk,0.021929425,FALSE,None,0.021215276,0.033662018,0
Medium,00-05,5,Dros_sech_plant_bk,0.021416711,FALSE,None,0.021215276,0.009494809,0
Medium,00-05,2,Dros_sech_plant_bk,0.021250394,FALSE,None,0.021215276,0.001655317,0
Medium,00-05,1,Dros_sech_plant_bk,0.021231781,FALSE,None,0.021215276,0.000777977,0
Medium,00-05,0,Dros_sech_plant_bk,0.021215276,FALSE,None,0.021215276,0,0
Medium,00-00,25,Dros_sech_plant_bk,0.026150124,FALSE,None,0.021215276,0.232608239,0
Medium,00-00,20,Dros_sech_plant_bk,0.024697598,FALSE,None,0.021215276,0.164142196,0
Medium,00-00,15,Dros_sech_plant_bk,0.023326223,FALSE,None,0.021215276,0.099501274,0
Medium,00-00,10,Dros_sech_plant_bk,0.022201918,FALSE,None,0.021215276,0.046506206,0
Medium,00-00,5,Dros_sech_plant_bk,0.021493003,FALSE,None,0.021215276,0.013090897,0
Medium,00-00,2,Dros_sech_plant_bk,0.021262098,FALSE,None,0.021215276,0.002206995,0
Medium,00-00,1,Dros_sech_plant_bk,0.02123743,FALSE,None,0.021215276,0.001044248,0
Medium,00-00,0,Dros_sech_plant_bk,0.021215276,FALSE,None,0.021215276,0,0
Medium,15-May,25,Dros_sech_plant_bk,0.026125541,FALSE,None,0.021215276,0.231449499,0
Medium,15-May,20,Dros_sech_plant_bk,0.024663535,FALSE,None,0.021215276,0.162536608,0
Medium,15-May,15,Dros_sech_plant_bk,0.023303507,FALSE,None,0.021215276,0.098430537,0
Medium,15-May,10,Dros_sech_plant_bk,0.022195388,FALSE,None,0.021215276,0.046198409,0
Medium,15-May,5,Dros_sech_plant_bk,0.021496787,FALSE,None,0.021215276,0.013269259,0
Medium,15-May,2,Dros_sech_plant_bk,0.021262982,FALSE,None,0.021215276,0.002248663,0
Medium,15-May,1,Dros_sech_plant_bk,0.021235296,FALSE,None,0.021215276,0.00094366,0
Medium,15-May,0,Dros_sech_plant_bk,0.021215276,FALSE,None,0.021215276,0,0
Medium,15-25,25,Dros_sech_plant_bk,0.026218949,FALSE,None,0.021215276,0.235852364,0
Medium,15-25,20,Dros_sech_plant_bk,0.024766792,FALSE,None,0.021215276,0.167403714,0
Medium,15-25,15,Dros_sech_plant_bk,0.023370553,FALSE,None,0.021215276,0.101590807,0
Medium,15-25,10,Dros_sech_plant_bk,0.022248209,FALSE,None,0.021215276,0.048688172,0
Medium,15-25,5,Dros_sech_plant_bk,0.021508601,FALSE,None,0.021215276,0.013826122,0
Medium,15-25,2,Dros_sech_plant_bk,0.021267072,FALSE,None,0.021215276,0.002441448,0
Medium,15-25,1,Dros_sech_plant_bk,0.021237485,FALSE,None,0.021215276,0.00104684,0
Medium,15-25,0,Dros_sech_plant_bk,0.021215276,FALSE,None,0.021215276,0,0
Medium,00-05,60,ucseq_Dros_sech_plant,0.022901786,TRUE,35,0.021215276,0.079495077,0
Medium,00-05,50,ucseq_Dros_sech_plant,0.022081025,TRUE,35,0.021215276,0.040807812,0
Medium,00-05,40,ucseq_Dros_sech_plant,0.021565544,TRUE,35,0.021215276,0.016510179,0
Medium,00-05,30,ucseq_Dros_sech_plant,0.021330182,TRUE,35,0.021215276,0.005416192,0
Medium,00-05,25,ucseq_Dros_sech_plant,0.021273123,TRUE,35,0.021215276,0.002726667,0
Medium,00-05,20,ucseq_Dros_sech_plant,0.021269759,TRUE,35,0.021215276,0.002568102,0
Medium,00-05,15,ucseq_Dros_sech_plant,0.021229921,TRUE,35,0.021215276,0.000690304,0
Medium,00-05,10,ucseq_Dros_sech_plant,0.021237305,TRUE,35,0.021215276,0.001038356,0
Medium,00-05,5,ucseq_Dros_sech_plant,0.021251328,TRUE,35,0.021215276,0.001699342,0
Medium,00-05,2,ucseq_Dros_sech_plant,0.021252699,TRUE,35,0.021215276,0.001763965,0
Medium,00-05,1,ucseq_Dros_sech_plant,0.021271009,TRUE,35,0.021215276,0.002627022,0
Medium,00-05,0,ucseq_Dros_sech_plant,0.021274834,TRUE,35,0.021215276,0.002807317,0
Medium,00-00,25,ucseq_Dros_sech_plant,0.021055324,TRUE,35,0.021215276,-0.007539473,0
Medium,00-00,20,ucseq_Dros_sech_plant,0.021129678,TRUE,35,0.021215276,-0.004034734,0
Medium,00-00,15,ucseq_Dros_sech_plant,0.021147129,TRUE,35,0.021215276,-0.003212167,0
Medium,00-00,10,ucseq_Dros_sech_plant,0.021192861,TRUE,35,0.021215276,-0.00105655,0
Medium,00-00,5,ucseq_Dros_sech_plant,0.021239868,TRUE,35,0.021215276,0.001159165,0
Medium,00-00,2,ucseq_Dros_sech_plant,0.021250167,TRUE,35,0.021215276,0.001644617,0
Medium,00-00,1,ucseq_Dros_sech_plant,0.021270252,TRUE,35,0.021215276,0.00259134,0
Medium,00-00,0,ucseq_Dros_sech_plant,0.021274834,TRUE,35,0.021215276,0.002807317,0
Medium,15-May,25,ucseq_Dros_sech_plant,0.023085646,TRUE,35,0.021215276,0.088161474,0
Medium,15-May,20,ucseq_Dros_sech_plant,0.022486399,TRUE,35,0.021215276,0.059915459,0
Medium,15-May,15,ucseq_Dros_sech_plant,0.021960676,TRUE,35,0.021215276,0.03513506,0
Medium,15-May,10,ucseq_Dros_sech_plant,0.021577686,TRUE,35,0.021215276,0.017082502,0
Medium,15-May,5,ucseq_Dros_sech_plant,0.021354708,TRUE,35,0.021215276,0.006572245,0
Medium,15-May,2,ucseq_Dros_sech_plant,0.021276228,TRUE,35,0.021215276,0.002873024,0
Medium,15-May,1,ucseq_Dros_sech_plant,0.021281976,TRUE,35,0.021215276,0.003143961,0
Medium,15-May,0,ucseq_Dros_sech_plant,0.021274834,TRUE,35,0.021215276,0.002807317,0
Medium,15-25,25,ucseq_Dros_sech_plant,0.025334966,TRUE,35,0.021215276,0.194185077,0
Medium,15-25,20,ucseq_Dros_sech_plant,0.024113549,TRUE,35,0.021215276,0.136612552,0
Medium,15-25,15,ucseq_Dros_sech_plant,0.022965261,TRUE,35,0.021215276,0.082487025,0
Medium,15-25,10,ucseq_Dros_sech_plant,0.022071454,TRUE,35,0.021215276,0.040356675,0
Medium,15-25,5,ucseq_Dros_sech_plant,0.021501023,TRUE,35,0.021215276,0.013468927,0
Medium,15-25,2,ucseq_Dros_sech_plant,0.021309174,TRUE,35,0.021215276,0.004425962,0
Medium,15-25,1,ucseq_Dros_sech_plant,0.021295194,TRUE,35,0.021215276,0.003767003,0
Medium,15-25,0,ucseq_Dros_sech_plant,0.021274834,TRUE,35,0.021215276,0.002807317,0
Medium,00-05,60,ucseq_Dros_sech_plant.1,0.022772124,TRUE,32,0.021215276,0.073383349,0
Medium,00-05,50,ucseq_Dros_sech_plant.1,0.022010814,TRUE,32,0.021215276,0.037498357,0
Medium,00-05,40,ucseq_Dros_sech_plant.1,0.021521292,TRUE,32,0.021215276,0.014424323,0
Medium,00-05,30,ucseq_Dros_sech_plant.1,0.02131279,TRUE,32,0.021215276,0.004596405,0
Medium,00-05,25,ucseq_Dros_sech_plant.1,0.021253296,TRUE,32,0.021215276,0.001792105,0
Medium,00-05,20,ucseq_Dros_sech_plant.1,0.021279955,TRUE,32,0.021215276,0.003048699,0
Medium,00-05,15,ucseq_Dros_sech_plant.1,0.021223606,TRUE,32,0.021215276,0.000392642,0
Medium,00-05,10,ucseq_Dros_sech_plant.1,0.021236575,TRUE,32,0.021215276,0.001003946,0
Medium,00-05,5,ucseq_Dros_sech_plant.1,0.021249309,TRUE,32,0.021215276,0.001604174,0
Medium,00-05,2,ucseq_Dros_sech_plant.1,0.021253543,TRUE,32,0.021215276,0.001803747,0
Medium,00-05,1,ucseq_Dros_sech_plant.1,0.021276397,TRUE,32,0.021215276,0.00288099,0
Medium,00-05,0,ucseq_Dros_sech_plant.1,0.021274266,TRUE,32,0.021215276,0.002780544,0
Medium,00-00,25,ucseq_Dros_sech_plant.1,0.021043134,TRUE,32,0.021215276,-0.008114059,0
Medium,00-00,20,ucseq_Dros_sech_plant.1,0.021144236,TRUE,32,0.021215276,-0.003348531,0
Medium,00-00,15,ucseq_Dros_sech_plant.1,0.021149509,TRUE,32,0.021215276,-0.003099983,0
Medium,00-00,10,ucseq_Dros_sech_plant.1,0.021196004,TRUE,32,0.021215276,-0.000908402,0
Medium,00-00,5,ucseq_Dros_sech_plant.1,0.021239296,TRUE,32,0.021215276,0.001132203,0
Medium,00-00,2,ucseq_Dros_sech_plant.1,0.02125035,TRUE,32,0.021215276,0.001653243,0
Medium,00-00,1,ucseq_Dros_sech_plant.1,0.021275239,TRUE,32,0.021215276,0.002826407,0
Medium,00-00,0,ucseq_Dros_sech_plant.1,0.021274266,TRUE,32,0.021215276,0.002780544,0
Medium,15-May,25,ucseq_Dros_sech_plant.1,0.022779873,TRUE,32,0.021215276,0.073748605,0
Medium,15-May,20,ucseq_Dros_sech_plant.1,0.0222963,TRUE,32,0.021215276,0.050954982,0
Medium,15-May,15,ucseq_Dros_sech_plant.1,0.021837898,TRUE,32,0.021215276,0.029347815,0
Medium,15-May,10,ucseq_Dros_sech_plant.1,0.021523615,TRUE,32,0.021215276,0.01453382,0
Medium,15-May,5,ucseq_Dros_sech_plant.1,0.021338121,TRUE,32,0.021215276,0.005790403,0
Medium,15-May,2,ucseq_Dros_sech_plant.1,0.021271226,TRUE,32,0.021215276,0.002637251,0
Medium,15-May,1,ucseq_Dros_sech_plant.1,0.021282863,TRUE,32,0.021215276,0.00318577,0
Medium,15-May,0,ucseq_Dros_sech_plant.1,0.021274266,TRUE,32,0.021215276,0.002780544,0
Medium,15-25,25,ucseq_Dros_sech_plant.1,0.025122543,TRUE,32,0.021215276,0.184172339,0
Medium,15-25,20,ucseq_Dros_sech_plant.1,0.023971576,TRUE,32,0.021215276,0.129920535,0
Medium,15-25,15,ucseq_Dros_sech_plant.1,0.022863666,TRUE,32,0.021215276,0.077698259,0
Medium,15-25,10,ucseq_Dros_sech_plant.1,0.022028718,TRUE,32,0.021215276,0.038342278,0
Medium,15-25,5,ucseq_Dros_sech_plant.1,0.021489512,TRUE,32,0.021215276,0.012926346,0
Medium,15-25,2,ucseq_Dros_sech_plant.1,0.021308337,TRUE,32,0.021215276,0.004386509,0
Medium,15-25,1,ucseq_Dros_sech_plant.1,0.021297821,TRUE,32,0.021215276,0.003890828,0
Medium,15-25,0,ucseq_Dros_sech_plant.1,0.021274266,TRUE,32,0.021215276,0.002780544,0
Medium,00-05,60,ucseq_Dros_sech_plant.2,0.023950125,TRUE,29,0.021215276,0.128909424,0
Medium,00-05,50,ucseq_Dros_sech_plant.2,0.023105548,TRUE,29,0.021215276,0.089099571,0
Medium,00-05,40,ucseq_Dros_sech_plant.2,0.022622614,TRUE,29,0.021215276,0.066336068,0
Medium,00-05,30,ucseq_Dros_sech_plant.2,0.022461026,TRUE,29,0.021215276,0.058719481,0
Medium,00-05,25,ucseq_Dros_sech_plant.2,0.022400856,TRUE,29,0.021215276,0.055883317,0
Medium,00-05,20,ucseq_Dros_sech_plant.2,0.022426545,TRUE,29,0.021215276,0.05709419,0
Medium,00-05,15,ucseq_Dros_sech_plant.2,0.022421256,TRUE,29,0.021215276,0.056844889,0
Medium,00-05,10,ucseq_Dros_sech_plant.2,0.022421137,TRUE,29,0.021215276,0.056839279,0
Medium,00-05,5,ucseq_Dros_sech_plant.2,0.022419268,TRUE,29,0.021215276,0.056751182,0
Medium,00-05,2,ucseq_Dros_sech_plant.2,0.022434683,TRUE,29,0.021215276,0.057477782,0
Medium,00-05,1,ucseq_Dros_sech_plant.2,0.022476565,TRUE,29,0.021215276,0.059451925,0
Medium,00-05,0,ucseq_Dros_sech_plant.2,0.022452153,TRUE,29,0.021215276,0.058301245,0
Medium,00-00,25,ucseq_Dros_sech_plant.2,0.022194223,TRUE,29,0.021215276,0.046143496,0
Medium,00-00,20,ucseq_Dros_sech_plant.2,0.022294588,TRUE,29,0.021215276,0.050874285,0
Medium,00-00,15,ucseq_Dros_sech_plant.2,0.022344144,TRUE,29,0.021215276,0.053210149,0
Medium,00-00,10,ucseq_Dros_sech_plant.2,0.02238041,TRUE,29,0.021215276,0.054919578,0
Medium,00-00,5,ucseq_Dros_sech_plant.2,0.022408056,TRUE,29,0.021215276,0.056222695,0
Medium,00-00,2,ucseq_Dros_sech_plant.2,0.022431627,TRUE,29,0.021215276,0.057333734,0
Medium,00-00,1,ucseq_Dros_sech_plant.2,0.022475833,TRUE,29,0.021215276,0.059417422,0
Medium,00-00,0,ucseq_Dros_sech_plant.2,0.022452153,TRUE,29,0.021215276,0.058301245,0
Medium,15-May,25,ucseq_Dros_sech_plant.2,0.023634471,TRUE,29,0.021215276,0.114030805,0
Medium,15-May,20,ucseq_Dros_sech_plant.2,0.023235016,TRUE,29,0.021215276,0.095202155,0
Medium,15-May,15,ucseq_Dros_sech_plant.2,0.022919972,TRUE,29,0.021215276,0.08035229,0
Medium,15-May,10,ucseq_Dros_sech_plant.2,0.022654422,TRUE,29,0.021215276,0.067835365,0
Medium,15-May,5,ucseq_Dros_sech_plant.2,0.022490939,TRUE,29,0.021215276,0.060129456,0
Medium,15-May,2,ucseq_Dros_sech_plant.2,0.022448483,TRUE,29,0.021215276,0.058128256,0
Medium,15-May,1,ucseq_Dros_sech_plant.2,0.022481116,TRUE,29,0.021215276,0.05966644,0
Medium,15-May,0,ucseq_Dros_sech_plant.2,0.022452153,TRUE,29,0.021215276,0.058301245,0
Medium,15-25,25,ucseq_Dros_sech_plant.2,0.026202867,TRUE,29,0.021215276,0.235094325,0
Medium,15-25,20,ucseq_Dros_sech_plant.2,0.025028282,TRUE,29,0.021215276,0.179729267,0
Medium,15-25,15,ucseq_Dros_sech_plant.2,0.024026943,TRUE,29,0.021215276,0.132530305,0
Medium,15-25,10,ucseq_Dros_sech_plant.2,0.023187804,TRUE,29,0.021215276,0.092976778,0
Medium,15-25,5,ucseq_Dros_sech_plant.2,0.022646701,TRUE,29,0.021215276,0.06747143,0
Medium,15-25,2,ucseq_Dros_sech_plant.2,0.022484331,TRUE,29,0.021215276,0.059817982,0
Medium,15-25,1,ucseq_Dros_sech_plant.2,0.022492071,TRUE,29,0.021215276,0.060182814,0
Medium,15-25,0,ucseq_Dros_sech_plant.2,0.022452153,TRUE,29,0.021215276,0.058301245,0
Medium,00-05,60,ucseq_Dros_sech_plant.3,0.024198894,TRUE,28,0.021215276,0.140635361,0
Medium,00-05,50,ucseq_Dros_sech_plant.3,0.023346269,TRUE,28,0.021215276,0.10044616,0
Medium,00-05,40,ucseq_Dros_sech_plant.3,0.022797269,TRUE,28,0.021215276,0.07456858,0
Medium,00-05,30,ucseq_Dros_sech_plant.3,0.022675194,TRUE,28,0.021215276,0.068814471,0
Medium,00-05,25,ucseq_Dros_sech_plant.3,0.022572237,TRUE,28,0.021215276,0.063961506,0
Medium,00-05,20,ucseq_Dros_sech_plant.3,0.02261283,TRUE,28,0.021215276,0.065874891,0
Medium,00-05,15,ucseq_Dros_sech_plant.3,0.022513747,TRUE,28,0.021215276,0.06120453,0
Medium,00-05,10,ucseq_Dros_sech_plant.3,0.0225724,TRUE,28,0.021215276,0.063969189,0
Medium,00-05,5,ucseq_Dros_sech_plant.3,0.022583712,TRUE,28,0.021215276,0.06450239,0
Medium,00-05,2,ucseq_Dros_sech_plant.3,0.02262405,TRUE,28,0.021215276,0.066403755,0
Medium,00-05,1,ucseq_Dros_sech_plant.3,0.022641124,TRUE,28,0.021215276,0.067208553,0
Medium,00-05,0,ucseq_Dros_sech_plant.3,0.022628222,TRUE,28,0.021215276,0.066600406,0
Medium,00-00,25,ucseq_Dros_sech_plant.3,0.022364615,TRUE,28,0.021215276,0.054175067,0
Medium,00-00,20,ucseq_Dros_sech_plant.3,0.022477927,TRUE,28,0.021215276,0.059516124,0
Medium,00-00,15,ucseq_Dros_sech_plant.3,0.022442633,TRUE,28,0.021215276,0.057852512,0
Medium,00-00,10,ucseq_Dros_sech_plant.3,0.02253,TRUE,28,0.021215276,0.061970629,0
Medium,00-00,5,ucseq_Dros_sech_plant.3,0.022573289,TRUE,28,0.021215276,0.064011093,0
Medium,00-00,2,ucseq_Dros_sech_plant.3,0.022622041,TRUE,28,0.021215276,0.06630906,0
Medium,00-00,1,ucseq_Dros_sech_plant.3,0.022639534,TRUE,28,0.021215276,0.067133607,0
Medium,00-00,0,ucseq_Dros_sech_plant.3,0.022628222,TRUE,28,0.021215276,0.066600406,0
Medium,15-May,25,ucseq_Dros_sech_plant.3,0.023796311,TRUE,28,0.021215276,0.12165927,0
Medium,15-May,20,ucseq_Dros_sech_plant.3,0.023429621,TRUE,28,0.021215276,0.104375027,0
Medium,15-May,15,ucseq_Dros_sech_plant.3,0.023013338,TRUE,28,0.021215276,0.084753175,0
Medium,15-May,10,ucseq_Dros_sech_plant.3,0.022797122,TRUE,28,0.021215276,0.074561651,0
Medium,15-May,5,ucseq_Dros_sech_plant.3,0.022650533,TRUE,28,0.021215276,0.067652054,0
Medium,15-May,2,ucseq_Dros_sech_plant.3,0.022638889,TRUE,28,0.021215276,0.067103204,0
Medium,15-May,1,ucseq_Dros_sech_plant.3,0.022646254,TRUE,28,0.021215276,0.06745036,0
Medium,15-May,0,ucseq_Dros_sech_plant.3,0.022628222,TRUE,28,0.021215276,0.066600406,0
Medium,15-25,25,ucseq_Dros_sech_plant.3,0.026381902,TRUE,28,0.021215276,0.243533292,0
Medium,15-25,20,ucseq_Dros_sech_plant.3,0.025211384,TRUE,28,0.021215276,0.188359935,0
Medium,15-25,15,ucseq_Dros_sech_plant.3,0.024111734,TRUE,28,0.021215276,0.136527001,0
Medium,15-25,10,ucseq_Dros_sech_plant.3,0.023340846,TRUE,28,0.021215276,0.100190542,0
Medium,15-25,5,ucseq_Dros_sech_plant.3,0.022809415,TRUE,28,0.021215276,0.075141092,0
Medium,15-25,2,ucseq_Dros_sech_plant.3,0.022677989,TRUE,28,0.021215276,0.068946216,0
Medium,15-25,1,ucseq_Dros_sech_plant.3,0.022663454,TRUE,28,0.021215276,0.068261096,0
Medium,15-25,0,ucseq_Dros_sech_plant.3,0.022628222,TRUE,28,0.021215276,0.066600406,0
Small,00-05,60,Drosophila_sim_WXD1_downSmpld_bk,0.021406951,FALSE,None,0.001933919,10.06920766,0
Small,00-05,50,Drosophila_sim_WXD1_downSmpld_bk,0.015437019,FALSE,None,0.001933919,6.98224693,0
Small,00-05,40,Drosophila_sim_WXD1_downSmpld_bk,0.010954114,FALSE,None,0.001933919,4.664205171,0
Small,00-05,30,Drosophila_sim_WXD1_downSmpld_bk,0.007431677,FALSE,None,0.001933919,2.842806757,0
Small,00-05,25,Drosophila_sim_WXD1_downSmpld_bk,0.005931698,FALSE,None,0.001933919,2.067190508,0
Small,00-05,20,Drosophila_sim_WXD1_downSmpld_bk,0.004581235,FALSE,None,0.001933919,1.368886701,0
Small,00-05,15,Drosophila_sim_WXD1_downSmpld_bk,0.003468368,FALSE,None,0.001933919,0.79344016,0
Small,00-05,10,Drosophila_sim_WXD1_downSmpld_bk,0.002633814,FALSE,None,0.001933919,0.361905023,0
Small,00-05,5,Drosophila_sim_WXD1_downSmpld_bk,0.002119784,FALSE,None,0.001933919,0.096107955,0
Small,00-05,2,Drosophila_sim_WXD1_downSmpld_bk,0.001973144,FALSE,None,0.001933919,0.020282649,0
Small,00-05,1,Drosophila_sim_WXD1_downSmpld_bk,0.001948023,FALSE,None,0.001933919,0.007292963,0
Small,00-05,0,Drosophila_sim_WXD1_downSmpld_bk,0.001933919,FALSE,None,0.001933919,0,0
Small,00-00,25,Drosophila_sim_WXD1_downSmpld_bk,0.006984005,FALSE,None,0.001933919,2.611322398,0
Small,00-00,20,Drosophila_sim_WXD1_downSmpld_bk,0.005445228,FALSE,None,0.001933919,1.815644295,0
Small,00-00,15,Drosophila_sim_WXD1_downSmpld_bk,0.004061098,FALSE,None,0.001933919,1.099931797,0
Small,00-00,10,Drosophila_sim_WXD1_downSmpld_bk,0.002911352,FALSE,None,0.001933919,0.505415687,0
Small,00-00,5,Drosophila_sim_WXD1_downSmpld_bk,0.00219623,FALSE,None,0.001933919,0.135637015,0
Small,00-00,2,Drosophila_sim_WXD1_downSmpld_bk,0.001985133,FALSE,None,0.001933919,0.026481978,0
Small,00-00,1,Drosophila_sim_WXD1_downSmpld_bk,0.001953076,FALSE,None,0.001933919,0.009905792,0
Small,00-00,0,Drosophila_sim_WXD1_downSmpld_bk,0.001933919,FALSE,None,0.001933919,0,0
Small,15-May,25,Drosophila_sim_WXD1_downSmpld_bk,0.006960914,FALSE,None,0.001933919,2.599382394,0
Small,15-May,20,Drosophila_sim_WXD1_downSmpld_bk,0.005412172,FALSE,None,0.001933919,1.798551542,0
Small,15-May,15,Drosophila_sim_WXD1_downSmpld_bk,0.004038624,FALSE,None,0.001933919,1.088310834,0
Small,15-May,10,Drosophila_sim_WXD1_downSmpld_bk,0.002904186,FALSE,None,0.001933919,0.501710258,0
Small,15-May,5,Drosophila_sim_WXD1_downSmpld_bk,0.002199336,FALSE,None,0.001933919,0.13724308,0
Small,15-May,2,Drosophila_sim_WXD1_downSmpld_bk,0.001986026,FALSE,None,0.001933919,0.026943734,0
Small,15-May,1,Drosophila_sim_WXD1_downSmpld_bk,0.001951613,FALSE,None,0.001933919,0.009149297,0
Small,15-May,0,Drosophila_sim_WXD1_downSmpld_bk,0.001933919,FALSE,None,0.001933919,0,0
Small,15-25,25,Drosophila_sim_WXD1_downSmpld_bk,0.007055547,FALSE,None,0.001933919,2.648315674,0
Small,15-25,20,Drosophila_sim_WXD1_downSmpld_bk,0.005517467,FALSE,None,0.001933919,1.85299798,0
Small,15-25,15,Drosophila_sim_WXD1_downSmpld_bk,0.004107228,FALSE,None,0.001933919,1.123784916,0
Small,15-25,10,Drosophila_sim_WXD1_downSmpld_bk,0.002957815,FALSE,None,0.001933919,0.529440995,0
Small,15-25,5,Drosophila_sim_WXD1_downSmpld_bk,0.002212017,FALSE,None,0.001933919,0.143800232,0
Small,15-25,2,Drosophila_sim_WXD1_downSmpld_bk,0.001990353,FALSE,None,0.001933919,0.02918116,0
Small,15-25,1,Drosophila_sim_WXD1_downSmpld_bk,0.001953692,FALSE,None,0.001933919,0.010224317,0
Small,15-25,0,Drosophila_sim_WXD1_downSmpld_bk,0.001933919,FALSE,None,0.001933919,0,0
Small,00-05,60,ucseq_Drosophila_sim_WXD1_downSmpld,0.003957146,TRUE,35,0.001933919,1.046179804,0
Small,00-05,50,ucseq_Drosophila_sim_WXD1_downSmpld,0.002927775,TRUE,35,0.001933919,0.51390777,0
Small,00-05,40,ucseq_Drosophila_sim_WXD1_downSmpld,0.002387722,TRUE,35,0.001933919,0.234654605,0
Small,00-05,30,ucseq_Drosophila_sim_WXD1_downSmpld,0.002101439,TRUE,35,0.001933919,0.086622035,0
Small,00-05,25,ucseq_Drosophila_sim_WXD1_downSmpld,0.002051959,TRUE,35,0.001933919,0.061036683,0
Small,00-05,20,ucseq_Drosophila_sim_WXD1_downSmpld,0.001992922,TRUE,35,0.001933919,0.030509551,0
Small,00-05,15,ucseq_Drosophila_sim_WXD1_downSmpld,0.001931549,TRUE,35,0.001933919,-0.001225491,0
Small,00-05,10,ucseq_Drosophila_sim_WXD1_downSmpld,0.001911533,TRUE,35,0.001933919,-0.011575459,0
Small,00-05,5,ucseq_Drosophila_sim_WXD1_downSmpld,0.001909871,TRUE,35,0.001933919,-0.012434854,0
Small,00-05,2,ucseq_Drosophila_sim_WXD1_downSmpld,0.00191973,TRUE,35,0.001933919,-0.007336915,0
Small,00-05,1,ucseq_Drosophila_sim_WXD1_downSmpld,0.001931432,TRUE,35,0.001933919,-0.00128599,0
Small,00-05,0,ucseq_Drosophila_sim_WXD1_downSmpld,0.00193371,TRUE,35,0.001933919,-0.000108071,0
Small,00-00,25,ucseq_Drosophila_sim_WXD1_downSmpld,0.001831558,TRUE,35,0.001933919,-0.052929311,0
Small,00-00,20,ucseq_Drosophila_sim_WXD1_downSmpld,0.001856908,TRUE,35,0.001933919,-0.039821213,0
Small,00-00,15,ucseq_Drosophila_sim_WXD1_downSmpld,0.001850581,TRUE,35,0.001933919,-0.043092808,0
Small,00-00,10,ucseq_Drosophila_sim_WXD1_downSmpld,0.001871866,TRUE,35,0.001933919,-0.032086659,0
Small,00-00,5,ucseq_Drosophila_sim_WXD1_downSmpld,0.001899871,TRUE,35,0.001933919,-0.017605701,0
Small,00-00,2,ucseq_Drosophila_sim_WXD1_downSmpld,0.001916612,TRUE,35,0.001933919,-0.008949186,0
Small,00-00,1,ucseq_Drosophila_sim_WXD1_downSmpld,0.001929673,TRUE,35,0.001933919,-0.002195542,0
Small,00-00,0,ucseq_Drosophila_sim_WXD1_downSmpld,0.00193371,TRUE,35,0.001933919,-0.000108071,0
Small,15-May,25,ucseq_Drosophila_sim_WXD1_downSmpld,0.003859288,TRUE,35,0.001933919,0.995578925,0
Small,15-May,20,ucseq_Drosophila_sim_WXD1_downSmpld,0.003193085,TRUE,35,0.001933919,0.651095522,0
Small,15-May,15,ucseq_Drosophila_sim_WXD1_downSmpld,0.002651658,TRUE,35,0.001933919,0.371131883,0
Small,15-May,10,ucseq_Drosophila_sim_WXD1_downSmpld,0.002243592,TRUE,35,0.001933919,0.160127182,0
Small,15-May,5,ucseq_Drosophila_sim_WXD1_downSmpld,0.002010314,TRUE,35,0.001933919,0.039502689,0
Small,15-May,2,ucseq_Drosophila_sim_WXD1_downSmpld,0.001940782,TRUE,35,0.001933919,0.003548753,0
Small,15-May,1,ucseq_Drosophila_sim_WXD1_downSmpld,0.001938638,TRUE,35,0.001933919,0.002440123,0
Small,15-May,0,ucseq_Drosophila_sim_WXD1_downSmpld,0.00193371,TRUE,35,0.001933919,-0.000108071,0
Small,15-25,25,ucseq_Drosophila_sim_WXD1_downSmpld,0.006113992,TRUE,35,0.001933919,2.161451953,0
Small,15-25,20,ucseq_Drosophila_sim_WXD1_downSmpld,0.004819923,TRUE,35,0.001933919,1.492308623,0
Small,15-25,15,ucseq_Drosophila_sim_WXD1_downSmpld,0.003651041,TRUE,35,0.001933919,0.88789758,0
Small,15-25,10,ucseq_Drosophila_sim_WXD1_downSmpld,0.002730298,TRUE,35,0.001933919,0.411795427,0
Small,15-25,5,ucseq_Drosophila_sim_WXD1_downSmpld,0.002151972,TRUE,35,0.001933919,0.112751878,0
Small,15-25,2,ucseq_Drosophila_sim_WXD1_downSmpld,0.00197268,TRUE,35,0.001933919,0.020042722,0
Small,15-25,1,ucseq_Drosophila_sim_WXD1_downSmpld,0.001949603,TRUE,35,0.001933919,0.008109957,0
Small,15-25,0,ucseq_Drosophila_sim_WXD1_downSmpld,0.00193371,TRUE,35,0.001933919,-0.000108071,0
Small,00-05,60,ucseq_Drosophila_sim_WXD1_downSmpld.1,0.003849427,TRUE,32,0.001933919,0.990479953,0
Small,00-05,50,ucseq_Drosophila_sim_WXD1_downSmpld.1,0.002856264,TRUE,32,0.001933919,0.476930523,0
Small,00-05,40,ucseq_Drosophila_sim_WXD1_downSmpld.1,0.002342083,TRUE,32,0.001933919,0.211055375,0
Small,00-05,30,ucseq_Drosophila_sim_WXD1_downSmpld.1,0.002083923,TRUE,32,0.001933919,0.077564779,0
Small,00-05,25,ucseq_Drosophila_sim_WXD1_downSmpld.1,0.002021005,TRUE,32,0.001933919,0.045030842,0
Small,00-05,20,ucseq_Drosophila_sim_WXD1_downSmpld.1,0.001992112,TRUE,32,0.001933919,0.030090712,0
Small,00-05,15,ucseq_Drosophila_sim_WXD1_downSmpld.1,0.001916503,TRUE,32,0.001933919,-0.009005548,0
Small,00-05,10,ucseq_Drosophila_sim_WXD1_downSmpld.1,0.001908056,TRUE,32,0.001933919,-0.013373363,0
Small,00-05,5,ucseq_Drosophila_sim_WXD1_downSmpld.1,0.001907398,TRUE,32,0.001933919,-0.013713604,0
Small,00-05,2,ucseq_Drosophila_sim_WXD1_downSmpld.1,0.001915305,TRUE,32,0.001933919,-0.009625015,0
Small,00-05,1,ucseq_Drosophila_sim_WXD1_downSmpld.1,0.001932877,TRUE,32,0.001933919,-0.000538802,0
Small,00-05,0,ucseq_Drosophila_sim_WXD1_downSmpld.1,0.001933052,TRUE,32,0.001933919,-0.000448312,0
Small,00-00,25,ucseq_Drosophila_sim_WXD1_downSmpld.1,0.001814815,TRUE,32,0.001933919,-0.061586861,0
Small,00-00,20,ucseq_Drosophila_sim_WXD1_downSmpld.1,0.00186336,TRUE,32,0.001933919,-0.036484982,0
Small,00-00,15,ucseq_Drosophila_sim_WXD1_downSmpld.1,0.001842228,TRUE,32,0.001933919,-0.047412017,0
Small,00-00,10,ucseq_Drosophila_sim_WXD1_downSmpld.1,0.001870277,TRUE,32,0.001933919,-0.032908307,0
Small,00-00,5,ucseq_Drosophila_sim_WXD1_downSmpld.1,0.001896992,TRUE,32,0.001933919,-0.019094388,0
Small,00-00,2,ucseq_Drosophila_sim_WXD1_downSmpld.1,0.001912179,TRUE,32,0.001933919,-0.011241422,0
Small,00-00,1,ucseq_Drosophila_sim_WXD1_downSmpld.1,0.001931472,TRUE,32,0.001933919,-0.001265306,0
Small,00-00,0,ucseq_Drosophila_sim_WXD1_downSmpld.1,0.001933052,TRUE,32,0.001933919,-0.000448312,0
Small,15-May,25,ucseq_Drosophila_sim_WXD1_downSmpld.1,0.003546226,TRUE,32,0.001933919,0.833699343,0
Small,15-May,20,ucseq_Drosophila_sim_WXD1_downSmpld.1,0.003003195,TRUE,32,0.001933919,0.552906301,0
Small,15-May,15,ucseq_Drosophila_sim_WXD1_downSmpld.1,0.00252046,TRUE,32,0.001933919,0.303291399,0
Small,15-May,10,ucseq_Drosophila_sim_WXD1_downSmpld.1,0.002185364,TRUE,32,0.001933919,0.130018372,0
Small,15-May,5,ucseq_Drosophila_sim_WXD1_downSmpld.1,0.001992622,TRUE,32,0.001933919,0.030354425,0
Small,15-May,2,ucseq_Drosophila_sim_WXD1_downSmpld.1,0.001933073,TRUE,32,0.001933919,-0.000437454,0
Small,15-May,1,ucseq_Drosophila_sim_WXD1_downSmpld.1,0.001938516,TRUE,32,0.001933919,0.002377039,0
Small,15-May,0,ucseq_Drosophila_sim_WXD1_downSmpld.1,0.001933052,TRUE,32,0.001933919,-0.000448312,0
Small,15-25,25,ucseq_Drosophila_sim_WXD1_downSmpld.1,0.005892626,TRUE,32,0.001933919,2.046986973,0
Small,15-25,20,ucseq_Drosophila_sim_WXD1_downSmpld.1,0.004669023,TRUE,32,0.001933919,1.414280536,0
Small,15-25,15,ucseq_Drosophila_sim_WXD1_downSmpld.1,0.003536163,TRUE,32,0.001933919,0.828495919,0
Small,15-25,10,ucseq_Drosophila_sim_WXD1_downSmpld.1,0.002675963,TRUE,32,0.001933919,0.383699628,0
Small,15-25,5,ucseq_Drosophila_sim_WXD1_downSmpld.1,0.002134126,TRUE,32,0.001933919,0.103523984,0
Small,15-25,2,ucseq_Drosophila_sim_WXD1_downSmpld.1,0.001965107,TRUE,32,0.001933919,0.016126839,0
Small,15-25,1,ucseq_Drosophila_sim_WXD1_downSmpld.1,0.00195028,TRUE,32,0.001933919,0.008460023,0
Small,15-25,0,ucseq_Drosophila_sim_WXD1_downSmpld.1,0.001933052,TRUE,32,0.001933919,-0.000448312,0
Small,00-05,60,ucseq_Drosophila_sim_WXD1_downSmpld.2,0.004340112,TRUE,29,0.001933919,1.244205678,0
Small,00-05,50,ucseq_Drosophila_sim_WXD1_downSmpld.2,0.003179809,TRUE,29,0.001933919,0.644230705,0
Small,00-05,40,ucseq_Drosophila_sim_WXD1_downSmpld.2,0.002785104,TRUE,29,0.001933919,0.440134773,0
Small,00-05,30,ucseq_Drosophila_sim_WXD1_downSmpld.2,0.002408902,TRUE,29,0.001933919,0.24560646,0
Small,00-05,25,ucseq_Drosophila_sim_WXD1_downSmpld.2,0.002445732,TRUE,29,0.001933919,0.264650691,0
Small,00-05,20,ucseq_Drosophila_sim_WXD1_downSmpld.2,0.002354193,TRUE,29,0.001933919,0.217317271,0
Small,00-05,15,ucseq_Drosophila_sim_WXD1_downSmpld.2,0.002323691,TRUE,29,0.001933919,0.201545153,0
Small,00-05,10,ucseq_Drosophila_sim_WXD1_downSmpld.2,0.002287538,TRUE,29,0.001933919,0.182850988,0
Small,00-05,5,ucseq_Drosophila_sim_WXD1_downSmpld.2,0.00228041,TRUE,29,0.001933919,0.179165208,0
Small,00-05,2,ucseq_Drosophila_sim_WXD1_downSmpld.2,0.002287552,TRUE,29,0.001933919,0.182858227,0
Small,00-05,1,ucseq_Drosophila_sim_WXD1_downSmpld.2,0.002298141,TRUE,29,0.001933919,0.188333638,0
Small,00-05,0,ucseq_Drosophila_sim_WXD1_downSmpld.2,0.002286099,TRUE,29,0.001933919,0.182106903,0
Small,00-00,25,ucseq_Drosophila_sim_WXD1_downSmpld.2,0.0022499,TRUE,29,0.001933919,0.163388953,0
Small,00-00,20,ucseq_Drosophila_sim_WXD1_downSmpld.2,0.002227678,TRUE,29,0.001933919,0.151898296,0
Small,00-00,15,ucseq_Drosophila_sim_WXD1_downSmpld.2,0.002252398,TRUE,29,0.001933919,0.16468063,0
Small,00-00,10,ucseq_Drosophila_sim_WXD1_downSmpld.2,0.002249147,TRUE,29,0.001933919,0.162999588,0
Small,00-00,5,ucseq_Drosophila_sim_WXD1_downSmpld.2,0.002269459,TRUE,29,0.001933919,0.173502613,0
Small,00-00,2,ucseq_Drosophila_sim_WXD1_downSmpld.2,0.002284402,TRUE,29,0.001933919,0.18122941,0
Small,00-00,1,ucseq_Drosophila_sim_WXD1_downSmpld.2,0.002297038,TRUE,29,0.001933919,0.187763293,0
Small,00-00,0,ucseq_Drosophila_sim_WXD1_downSmpld.2,0.002286125,TRUE,29,0.001933919,0.182120347,0
Small,15-May,25,ucseq_Drosophila_sim_WXD1_downSmpld.2,0.003664716,TRUE,29,0.001933919,0.894968714,0
Small,15-May,20,ucseq_Drosophila_sim_WXD1_downSmpld.2,0.00314975,TRUE,29,0.001933919,0.628687654,0
Small,15-May,15,ucseq_Drosophila_sim_WXD1_downSmpld.2,0.002799712,TRUE,29,0.001933919,0.447688347,0
Small,15-May,10,ucseq_Drosophila_sim_WXD1_downSmpld.2,0.002510715,TRUE,29,0.001933919,0.298252409,0
Small,15-May,5,ucseq_Drosophila_sim_WXD1_downSmpld.2,0.002346686,TRUE,29,0.001933919,0.213435516,0
Small,15-May,2,ucseq_Drosophila_sim_WXD1_downSmpld.2,0.002296377,TRUE,29,0.001933919,0.1874215,0
Small,15-May,1,ucseq_Drosophila_sim_WXD1_downSmpld.2,0.002303031,TRUE,29,0.001933919,0.190862182,0
Small,15-May,0,ucseq_Drosophila_sim_WXD1_downSmpld.2,0.002286099,TRUE,29,0.001933919,0.182106903,0
Small,15-25,25,ucseq_Drosophila_sim_WXD1_downSmpld.2,0.006207252,TRUE,29,0.001933919,2.209675276,0
Small,15-25,20,ucseq_Drosophila_sim_WXD1_downSmpld.2,0.004908755,TRUE,29,0.001933919,1.538242295,0
Small,15-25,15,ucseq_Drosophila_sim_WXD1_downSmpld.2,0.003880606,TRUE,29,0.001933919,1.006602138,0
Small,15-25,10,ucseq_Drosophila_sim_WXD1_downSmpld.2,0.003014294,TRUE,29,0.001933919,0.558645424,0
Small,15-25,5,ucseq_Drosophila_sim_WXD1_downSmpld.2,0.002491685,TRUE,29,0.001933919,0.288412286,0
Small,15-25,2,ucseq_Drosophila_sim_WXD1_downSmpld.2,0.002331627,TRUE,29,0.001933919,0.205648737,0
Small,15-25,1,ucseq_Drosophila_sim_WXD1_downSmpld.2,0.002315076,TRUE,29,0.001933919,0.197090468,0
Small,15-25,0,ucseq_Drosophila_sim_WXD1_downSmpld.2,0.002286099,TRUE,29,0.001933919,0.182106903,0
Small,00-05,60,ucseq_Drosophila_sim_WXD1_downSmpld.3,0.00423228,TRUE,28,0.001933919,1.188447396,0
Small,00-05,50,ucseq_Drosophila_sim_WXD1_downSmpld.3,0.00320668,TRUE,28,0.001933919,0.658125289,0
Small,00-05,40,ucseq_Drosophila_sim_WXD1_downSmpld.3,0.002623295,TRUE,28,0.001933919,0.356465809,0
Small,00-05,30,ucseq_Drosophila_sim_WXD1_downSmpld.3,0.002341642,TRUE,28,0.001933919,0.210827341,0
Small,00-05,25,ucseq_Drosophila_sim_WXD1_downSmpld.3,0.002343551,TRUE,28,0.001933919,0.211814456,0
Small,00-05,20,ucseq_Drosophila_sim_WXD1_downSmpld.3,0.002279551,TRUE,28,0.001933919,0.178721032,0
Small,00-05,15,ucseq_Drosophila_sim_WXD1_downSmpld.3,0.002184562,TRUE,28,0.001933919,0.12960367,0
Small,00-05,10,ucseq_Drosophila_sim_WXD1_downSmpld.3,0.002151777,TRUE,28,0.001933919,0.112651047,0
Small,00-05,5,ucseq_Drosophila_sim_WXD1_downSmpld.3,0.002149181,TRUE,28,0.001933919,0.111308695,0
Small,00-05,2,ucseq_Drosophila_sim_WXD1_downSmpld.3,0.002188771,TRUE,28,0.001933919,0.13178008,0
Small,00-05,1,ucseq_Drosophila_sim_WXD1_downSmpld.3,0.002192345,TRUE,28,0.001933919,0.133628141,0
Small,00-05,0,ucseq_Drosophila_sim_WXD1_downSmpld.3,0.002190159,TRUE,28,0.001933919,0.132497793,0
Small,00-00,25,ucseq_Drosophila_sim_WXD1_downSmpld.3,0.002141324,TRUE,28,0.001933919,0.10724596,0
Small,00-00,20,ucseq_Drosophila_sim_WXD1_downSmpld.3,0.002152577,TRUE,28,0.001933919,0.113064715,0
Small,00-00,15,ucseq_Drosophila_sim_WXD1_downSmpld.3,0.002116277,TRUE,28,0.001933919,0.094294539,0
Small,00-00,10,ucseq_Drosophila_sim_WXD1_downSmpld.3,0.002115757,TRUE,28,0.001933919,0.094025655,0
Small,00-00,5,ucseq_Drosophila_sim_WXD1_downSmpld.3,0.002138922,TRUE,28,0.001933919,0.106003923,0
Small,00-00,2,ucseq_Drosophila_sim_WXD1_downSmpld.3,0.002185518,TRUE,28,0.001933919,0.130098003,0
Small,00-00,1,ucseq_Drosophila_sim_WXD1_downSmpld.3,0.002189976,TRUE,28,0.001933919,0.132403167,0
Small,00-00,0,ucseq_Drosophila_sim_WXD1_downSmpld.3,0.002190159,TRUE,28,0.001933919,0.132497793,0
Small,15-May,25,ucseq_Drosophila_sim_WXD1_downSmpld.3,0.003558243,TRUE,28,0.001933919,0.83991315,0
Small,15-May,20,ucseq_Drosophila_sim_WXD1_downSmpld.3,0.003088734,TRUE,28,0.001933919,0.597137212,0
Small,15-May,15,ucseq_Drosophila_sim_WXD1_downSmpld.3,0.002675142,TRUE,28,0.001933919,0.383275101,0
Small,15-May,10,ucseq_Drosophila_sim_WXD1_downSmpld.3,0.002370233,TRUE,28,0.001933919,0.225611311,0
Small,15-May,5,ucseq_Drosophila_sim_WXD1_downSmpld.3,0.002210364,TRUE,28,0.001933919,0.14294549,0
Small,15-May,2,ucseq_Drosophila_sim_WXD1_downSmpld.3,0.002201346,TRUE,28,0.001933919,0.13828242,0
Small,15-May,1,ucseq_Drosophila_sim_WXD1_downSmpld.3,0.002197231,TRUE,28,0.001933919,0.136154617,0
Small,15-May,0,ucseq_Drosophila_sim_WXD1_downSmpld.3,0.002190159,TRUE,28,0.001933919,0.132497793,0
Small,15-25,25,ucseq_Drosophila_sim_WXD1_downSmpld.3,0.006138258,TRUE,28,0.001933919,2.173999532,0
Small,15-25,20,ucseq_Drosophila_sim_WXD1_downSmpld.3,0.00485824,TRUE,28,0.001933919,1.512121759,0
Small,15-25,15,ucseq_Drosophila_sim_WXD1_downSmpld.3,0.003759029,TRUE,28,0.001933919,0.943736527,0
Small,15-25,10,ucseq_Drosophila_sim_WXD1_downSmpld.3,0.002898771,TRUE,28,0.001933919,0.498910244,0
Small,15-25,5,ucseq_Drosophila_sim_WXD1_downSmpld.3,0.002361583,TRUE,28,0.001933919,0.221138528,0
Small,15-25,2,ucseq_Drosophila_sim_WXD1_downSmpld.3,0.002236787,TRUE,28,0.001933919,0.156608421,0
Small,15-25,1,ucseq_Drosophila_sim_WXD1_downSmpld.3,0.002210721,TRUE,28,0.001933919,0.14313009,0
Small,15-25,0,ucseq_Drosophila_sim_WXD1_downSmpld.3,0.002190159,TRUE,28,0.001933919,0.132497793,0
Large,00-05,60,Drosophila_yakuba_downSmpld,0.081262185,FALSE,None,0.062705933,0.29592498,0.05
Large,00-05,50,Drosophila_yakuba_downSmpld,0.075416745,FALSE,None,0.062705933,0.202705093,0.05
Large,00-05,40,Drosophila_yakuba_downSmpld,0.071349759,FALSE,None,0.062705933,0.13784702,0.05
Large,00-05,30,Drosophila_yakuba_downSmpld,0.067923115,FALSE,None,0.062705933,0.083200771,0.05
Large,00-05,25,Drosophila_yakuba_downSmpld,0.066569567,FALSE,None,0.062705933,0.061615127,0.05
Large,00-05,20,Drosophila_yakuba_downSmpld,0.06525322,FALSE,None,0.062705933,0.040622743,0.05
Large,00-05,15,Drosophila_yakuba_downSmpld,0.064228282,FALSE,None,0.062705933,0.024277591,0.05
Large,00-05,10,Drosophila_yakuba_downSmpld,0.063398952,FALSE,None,0.062705933,0.011051889,0.05
Large,00-05,5,Drosophila_yakuba_downSmpld,0.062898372,FALSE,None,0.062705933,0.003068912,0.05
Large,00-05,2,Drosophila_yakuba_downSmpld,0.062729103,FALSE,None,0.062705933,0.000369503,0.05
Large,00-05,1,Drosophila_yakuba_downSmpld,0.062707626,FALSE,None,0.062705933,2.70E-05,0.05
Large,00-05,0,Drosophila_yakuba_downSmpld,0.062705933,FALSE,None,0.062705933,0,0.05
Large,00-00,25,Drosophila_yakuba_downSmpld,0.067561523,FALSE,None,0.062705933,0.0774343,0.05
Large,00-00,20,Drosophila_yakuba_downSmpld,0.066080908,FALSE,None,0.062705933,0.05382226,0.05
Large,00-00,15,Drosophila_yakuba_downSmpld,0.06479919,FALSE,None,0.062705933,0.03338212,0.05
Large,00-00,10,Drosophila_yakuba_downSmpld,0.063663781,FALSE,None,0.062705933,0.015275237,0.05
Large,00-00,5,Drosophila_yakuba_downSmpld,0.062969723,FALSE,None,0.062705933,0.004206779,0.05
Large,00-00,2,Drosophila_yakuba_downSmpld,0.062739375,FALSE,None,0.062705933,0.000533315,0.05
Large,00-00,1,Drosophila_yakuba_downSmpld,0.062712965,FALSE,None,0.062705933,0.000112142,0.05
Large,00-00,0,Drosophila_yakuba_downSmpld,0.062705933,FALSE,None,0.062705933,0,0.05
Large,15-May,25,Drosophila_yakuba_downSmpld,0.067536842,FALSE,None,0.062705933,0.0770407,0.05
Large,15-May,20,Drosophila_yakuba_downSmpld,0.066047279,FALSE,None,0.062705933,0.053285963,0.05
Large,15-May,15,Drosophila_yakuba_downSmpld,0.064777505,FALSE,None,0.062705933,0.0330363,0.05
Large,15-May,10,Drosophila_yakuba_downSmpld,0.063655175,FALSE,None,0.062705933,0.015137993,0.05
Large,15-May,5,Drosophila_yakuba_downSmpld,0.062973364,FALSE,None,0.062705933,0.004264844,0.05
Large,15-May,2,Drosophila_yakuba_downSmpld,0.062740948,FALSE,None,0.062705933,0.0005584,0.05
Large,15-May,1,Drosophila_yakuba_downSmpld,0.062710665,FALSE,None,0.062705933,7.55E-05,0.05
Large,15-May,0,Drosophila_yakuba_downSmpld,0.062705933,FALSE,None,0.062705933,0,0.05
Large,15-25,25,Drosophila_yakuba_downSmpld,0.067632038,FALSE,None,0.062705933,0.078558834,0.05
Large,15-25,20,Drosophila_yakuba_downSmpld,0.066150061,FALSE,None,0.062705933,0.054925074,0.05
Large,15-25,15,Drosophila_yakuba_downSmpld,0.064843348,FALSE,None,0.062705933,0.034086328,0.05
Large,15-25,10,Drosophila_yakuba_downSmpld,0.063709782,FALSE,None,0.062705933,0.016008836,0.05
Large,15-25,5,Drosophila_yakuba_downSmpld,0.062985172,FALSE,None,0.062705933,0.004453151,0.05
Large,15-25,2,Drosophila_yakuba_downSmpld,0.062745161,FALSE,None,0.062705933,0.000625587,0.05
Large,15-25,1,Drosophila_yakuba_downSmpld,0.0627133,FALSE,None,0.062705933,0.000117485,0.05
Large,15-25,0,Drosophila_yakuba_downSmpld,0.062705933,FALSE,None,0.062705933,0,0.05
Large,00-05,60,ucseq_Drosophila_yakuba_downSmpld,0.065460438,TRUE,35,0.062705933,0.043927338,0.05
Large,00-05,50,ucseq_Drosophila_yakuba_downSmpld,0.064068773,TRUE,35,0.062705933,0.021733826,0.05
Large,00-05,40,ucseq_Drosophila_yakuba_downSmpld,0.06359295,TRUE,35,0.062705933,0.014145659,0.05
Large,00-05,30,ucseq_Drosophila_yakuba_downSmpld,0.063144183,TRUE,35,0.062705933,0.006988965,0.05
Large,00-05,25,ucseq_Drosophila_yakuba_downSmpld,0.063108612,TRUE,35,0.062705933,0.006421706,0.05
Large,00-05,20,ucseq_Drosophila_yakuba_downSmpld,0.062982429,TRUE,35,0.062705933,0.004409402,0.05
Large,00-05,15,ucseq_Drosophila_yakuba_downSmpld,0.062950623,TRUE,35,0.062705933,0.003902184,0.05
Large,00-05,10,ucseq_Drosophila_yakuba_downSmpld,0.06285046,TRUE,35,0.062705933,0.002304834,0.05
Large,00-05,5,ucseq_Drosophila_yakuba_downSmpld,0.062827663,TRUE,35,0.062705933,0.001941285,0.05
Large,00-05,2,ucseq_Drosophila_yakuba_downSmpld,0.062811349,TRUE,35,0.062705933,0.001681118,0.05
Large,00-05,1,ucseq_Drosophila_yakuba_downSmpld,0.062815483,TRUE,35,0.062705933,0.001747045,0.05
Large,00-05,0,ucseq_Drosophila_yakuba_downSmpld,0.062822677,TRUE,35,0.062705933,0.001861773,0.05
Large,00-00,25,ucseq_Drosophila_yakuba_downSmpld,0.062871264,TRUE,35,0.062705933,0.002636612,0.05
Large,00-00,20,ucseq_Drosophila_yakuba_downSmpld,0.062833465,TRUE,35,0.062705933,0.002033803,0.05
Large,00-00,15,ucseq_Drosophila_yakuba_downSmpld,0.062875056,TRUE,35,0.062705933,0.002697086,0.05
Large,00-00,10,ucseq_Drosophila_yakuba_downSmpld,0.062812293,TRUE,35,0.062705933,0.001696175,0.05
Large,00-00,5,ucseq_Drosophila_yakuba_downSmpld,0.062817549,TRUE,35,0.062705933,0.001779996,0.05
Large,00-00,2,ucseq_Drosophila_yakuba_downSmpld,0.062807585,TRUE,35,0.062705933,0.001621095,0.05
Large,00-00,1,ucseq_Drosophila_yakuba_downSmpld,0.062815028,TRUE,35,0.062705933,0.001739789,0.05
Large,00-00,0,ucseq_Drosophila_yakuba_downSmpld,0.062822677,TRUE,35,0.062705933,0.001861773,0.05
Large,15-May,25,ucseq_Drosophila_yakuba_downSmpld,0.065322369,TRUE,35,0.062705933,0.041725498,0.05
Large,15-May,20,ucseq_Drosophila_yakuba_downSmpld,0.064471086,TRUE,35,0.062705933,0.028149702,0.05
Large,15-May,15,ucseq_Drosophila_yakuba_downSmpld,0.063849369,TRUE,35,0.062705933,0.018234891,0.05
Large,15-May,10,ucseq_Drosophila_yakuba_downSmpld,0.06327044,TRUE,35,0.062705933,0.009002448,0.05
Large,15-May,5,ucseq_Drosophila_yakuba_downSmpld,0.062950846,TRUE,35,0.062705933,0.003905738,0.05
Large,15-May,2,ucseq_Drosophila_yakuba_downSmpld,0.062837238,TRUE,35,0.062705933,0.002093979,0.05
Large,15-May,1,ucseq_Drosophila_yakuba_downSmpld,0.062825615,TRUE,35,0.062705933,0.001908628,0.05
Large,15-May,0,ucseq_Drosophila_yakuba_downSmpld,0.062822677,TRUE,35,0.062705933,0.001861773,0.05
Large,15-25,25,ucseq_Drosophila_yakuba_downSmpld,0.067217999,TRUE,35,0.062705933,0.071955969,0.05
Large,15-25,20,ucseq_Drosophila_yakuba_downSmpld,0.065863099,TRUE,35,0.062705933,0.050348764,0.05
Large,15-25,15,ucseq_Drosophila_yakuba_downSmpld,0.064709995,TRUE,35,0.062705933,0.03195968,0.05
Large,15-25,10,ucseq_Drosophila_yakuba_downSmpld,0.063704292,TRUE,35,0.062705933,0.015921278,0.05
Large,15-25,5,ucseq_Drosophila_yakuba_downSmpld,0.063065919,TRUE,35,0.062705933,0.005740854,0.05
Large,15-25,2,ucseq_Drosophila_yakuba_downSmpld,0.062864043,TRUE,35,0.062705933,0.002521451,0.05
Large,15-25,1,ucseq_Drosophila_yakuba_downSmpld,0.062833446,TRUE,35,0.062705933,0.002033509,0.05
Large,15-25,0,ucseq_Drosophila_yakuba_downSmpld,0.062822677,TRUE,35,0.062705933,0.001861773,0.05
Large,00-05,60,ucseq_Drosophila_yakuba_downSmpld.1,0.065426999,TRUE,32,0.062705933,0.043394069,0.05
Large,00-05,50,ucseq_Drosophila_yakuba_downSmpld.1,0.064063393,TRUE,32,0.062705933,0.021648026,0.05
Large,00-05,40,ucseq_Drosophila_yakuba_downSmpld.1,0.063592228,TRUE,32,0.062705933,0.014134153,0.05
Large,00-05,30,ucseq_Drosophila_yakuba_downSmpld.1,0.063140635,TRUE,32,0.062705933,0.006932385,0.05
Large,00-05,25,ucseq_Drosophila_yakuba_downSmpld.1,0.06311013,TRUE,32,0.062705933,0.006445921,0.05
Large,00-05,20,ucseq_Drosophila_yakuba_downSmpld.1,0.062992663,TRUE,32,0.062705933,0.004572618,0.05
Large,00-05,15,ucseq_Drosophila_yakuba_downSmpld.1,0.06296078,TRUE,32,0.062705933,0.004064168,0.05
Large,00-05,10,ucseq_Drosophila_yakuba_downSmpld.1,0.062866359,TRUE,32,0.062705933,0.002558382,0.05
Large,00-05,5,ucseq_Drosophila_yakuba_downSmpld.1,0.062842507,TRUE,32,0.062705933,0.00217801,0.05
Large,00-05,2,ucseq_Drosophila_yakuba_downSmpld.1,0.062825081,TRUE,32,0.062705933,0.001900109,0.05
Large,00-05,1,ucseq_Drosophila_yakuba_downSmpld.1,0.062829874,TRUE,32,0.062705933,0.001976536,0.05
Large,00-05,0,ucseq_Drosophila_yakuba_downSmpld.1,0.062837409,TRUE,32,0.062705933,0.002096701,0.05
Large,00-00,25,ucseq_Drosophila_yakuba_downSmpld.1,0.062873628,TRUE,32,0.062705933,0.002674301,0.05
Large,00-00,20,ucseq_Drosophila_yakuba_downSmpld.1,0.06284725,TRUE,32,0.062705933,0.002253654,0.05
Large,00-00,15,ucseq_Drosophila_yakuba_downSmpld.1,0.062886569,TRUE,32,0.062705933,0.002880691,0.05
Large,00-00,10,ucseq_Drosophila_yakuba_downSmpld.1,0.062826919,TRUE,32,0.062705933,0.001929412,0.05
Large,00-00,5,ucseq_Drosophila_yakuba_downSmpld.1,0.062832468,TRUE,32,0.062705933,0.002017907,0.05
Large,00-00,2,ucseq_Drosophila_yakuba_downSmpld.1,0.062821849,TRUE,32,0.062705933,0.001848558,0.05
Large,00-00,1,ucseq_Drosophila_yakuba_downSmpld.1,0.062828874,TRUE,32,0.062705933,0.001960594,0.05
Large,00-00,0,ucseq_Drosophila_yakuba_downSmpld.1,0.062837409,TRUE,32,0.062705933,0.002096701,0.05
Large,15-May,25,ucseq_Drosophila_yakuba_downSmpld.1,0.06525803,TRUE,32,0.062705933,0.040699444,0.05
Large,15-May,20,ucseq_Drosophila_yakuba_downSmpld.1,0.064436333,TRUE,32,0.062705933,0.027595467,0.05
Large,15-May,15,ucseq_Drosophila_yakuba_downSmpld.1,0.063833976,TRUE,32,0.062705933,0.01798942,0.05
Large,15-May,10,ucseq_Drosophila_yakuba_downSmpld.1,0.063272179,TRUE,32,0.062705933,0.009030187,0.05
Large,15-May,5,ucseq_Drosophila_yakuba_downSmpld.1,0.062961671,TRUE,32,0.062705933,0.004078375,0.05
Large,15-May,2,ucseq_Drosophila_yakuba_downSmpld.1,0.062850465,TRUE,32,0.062705933,0.002304913,0.05
Large,15-May,1,ucseq_Drosophila_yakuba_downSmpld.1,0.062839828,TRUE,32,0.062705933,0.002135289,0.05
Large,15-May,0,ucseq_Drosophila_yakuba_downSmpld.1,0.062837409,TRUE,32,0.062705933,0.002096701,0.05
Large,15-25,25,ucseq_Drosophila_yakuba_downSmpld.1,0.06721097,TRUE,32,0.062705933,0.071843867,0.05
Large,15-25,20,ucseq_Drosophila_yakuba_downSmpld.1,0.06587034,TRUE,32,0.062705933,0.05046424,0.05
Large,15-25,15,ucseq_Drosophila_yakuba_downSmpld.1,0.064716248,TRUE,32,0.062705933,0.032059399,0.05
Large,15-25,10,ucseq_Drosophila_yakuba_downSmpld.1,0.063717157,TRUE,32,0.062705933,0.016126446,0.05
Large,15-25,5,ucseq_Drosophila_yakuba_downSmpld.1,0.063079523,TRUE,32,0.062705933,0.005957808,0.05
Large,15-25,2,ucseq_Drosophila_yakuba_downSmpld.1,0.062878393,TRUE,32,0.062705933,0.002750292,0.05
Large,15-25,1,ucseq_Drosophila_yakuba_downSmpld.1,0.062848763,TRUE,32,0.062705933,0.002277778,0.05
Large,15-25,0,ucseq_Drosophila_yakuba_downSmpld.1,0.062837409,TRUE,32,0.062705933,0.002096701,0.05
Large,00-05,60,ucseq_Drosophila_yakuba_downSmpld.3,0.065365771,TRUE,28,0.062705933,0.042417647,0.05
Large,00-05,50,ucseq_Drosophila_yakuba_downSmpld.3,0.064022311,TRUE,28,0.062705933,0.020992878,0.05
Large,00-05,40,ucseq_Drosophila_yakuba_downSmpld.3,0.063563569,TRUE,28,0.062705933,0.013677115,0.05
Large,00-05,30,ucseq_Drosophila_yakuba_downSmpld.3,0.063138116,TRUE,28,0.062705933,0.006892222,0.05
Large,00-05,25,ucseq_Drosophila_yakuba_downSmpld.3,0.063117183,TRUE,28,0.062705933,0.006558397,0.05
Large,00-05,20,ucseq_Drosophila_yakuba_downSmpld.3,0.062993496,TRUE,28,0.062705933,0.004585899,0.05
Large,00-05,15,ucseq_Drosophila_yakuba_downSmpld.3,0.062974767,TRUE,28,0.062705933,0.004287214,0.05
Large,00-05,10,ucseq_Drosophila_yakuba_downSmpld.3,0.062887921,TRUE,28,0.062705933,0.002902247,0.05
Large,00-05,5,ucseq_Drosophila_yakuba_downSmpld.3,0.062856982,TRUE,28,0.062705933,0.002408851,0.05
Large,00-05,2,ucseq_Drosophila_yakuba_downSmpld.3,0.062835414,TRUE,28,0.062705933,0.002064893,0.05
Large,00-05,1,ucseq_Drosophila_yakuba_downSmpld.3,0.062839895,TRUE,28,0.062705933,0.00213635,0.05
Large,00-05,0,ucseq_Drosophila_yakuba_downSmpld.3,0.06284865,TRUE,28,0.062705933,0.002275975,0.05
Large,00-00,25,ucseq_Drosophila_yakuba_downSmpld.3,0.062894857,TRUE,28,0.062705933,0.003012858,0.05
Large,00-00,20,ucseq_Drosophila_yakuba_downSmpld.3,0.062855413,TRUE,28,0.062705933,0.002383827,0.05
Large,00-00,15,ucseq_Drosophila_yakuba_downSmpld.3,0.062904446,TRUE,28,0.062705933,0.003165774,0.05
Large,00-00,10,ucseq_Drosophila_yakuba_downSmpld.3,0.062851744,TRUE,28,0.062705933,0.002325315,0.05
Large,00-00,5,ucseq_Drosophila_yakuba_downSmpld.3,0.062845881,TRUE,28,0.062705933,0.002231808,0.05
Large,00-00,2,ucseq_Drosophila_yakuba_downSmpld.3,0.062833929,TRUE,28,0.062705933,0.002041212,0.05
Large,00-00,1,ucseq_Drosophila_yakuba_downSmpld.3,0.062838014,TRUE,28,0.062705933,0.002106361,0.05
Large,00-00,0,ucseq_Drosophila_yakuba_downSmpld.3,0.06284865,TRUE,28,0.062705933,0.002275975,0.05
Large,15-May,25,ucseq_Drosophila_yakuba_downSmpld.3,0.064953417,TRUE,28,0.062705933,0.035841653,0.05
Large,15-May,20,ucseq_Drosophila_yakuba_downSmpld.3,0.064209008,TRUE,28,0.062705933,0.023970218,0.05
Large,15-May,15,ucseq_Drosophila_yakuba_downSmpld.3,0.06371014,TRUE,28,0.062705933,0.016014551,0.05
Large,15-May,10,ucseq_Drosophila_yakuba_downSmpld.3,0.063211903,TRUE,28,0.062705933,0.008068932,0.05
Large,15-May,5,ucseq_Drosophila_yakuba_downSmpld.3,0.06295482,TRUE,28,0.062705933,0.003969114,0.05
Large,15-May,2,ucseq_Drosophila_yakuba_downSmpld.3,0.062854731,TRUE,28,0.062705933,0.002372949,0.05
Large,15-May,1,ucseq_Drosophila_yakuba_downSmpld.3,0.062847375,TRUE,28,0.062705933,0.002255632,0.05
Large,15-May,0,ucseq_Drosophila_yakuba_downSmpld.3,0.06284865,TRUE,28,0.062705933,0.002275975,0.05
Large,15-25,25,ucseq_Drosophila_yakuba_downSmpld.3,0.067094726,TRUE,28,0.062705933,0.069990069,0.05
Large,15-25,20,ucseq_Drosophila_yakuba_downSmpld.3,0.065772679,TRUE,28,0.062705933,0.048906798,0.05
Large,15-25,15,ucseq_Drosophila_yakuba_downSmpld.3,0.06465882,TRUE,28,0.062705933,0.031143582,0.05
Large,15-25,10,ucseq_Drosophila_yakuba_downSmpld.3,0.063682579,TRUE,28,0.062705933,0.015575017,0.05
Large,15-25,5,ucseq_Drosophila_yakuba_downSmpld.3,0.063087893,TRUE,28,0.062705933,0.006091287,0.05
Large,15-25,2,ucseq_Drosophila_yakuba_downSmpld.3,0.062883243,TRUE,28,0.062705933,0.002827641,0.05
Large,15-25,1,ucseq_Drosophila_yakuba_downSmpld.3,0.062856673,TRUE,28,0.062705933,0.002403921,0.05
Large,15-25,0,ucseq_Drosophila_yakuba_downSmpld.3,0.06284865,TRUE,28,0.062705933,0.002275975,0.05
Medium,00-05,60,Dros_sech_plant_bk,0.040148601,FALSE,None,0.021215276,0.892438307,0.05
Medium,00-05,50,Dros_sech_plant_bk,0.034461883,FALSE,None,0.021215276,0.624390039,0.05
Medium,00-05,40,Dros_sech_plant_bk,0.030047966,FALSE,None,0.021215276,0.416336323,0.05
Medium,00-05,30,Dros_sech_plant_bk,0.026610641,FALSE,None,0.021215276,0.254315098,0.05
Medium,00-05,25,Dros_sech_plant_bk,0.025123941,FALSE,None,0.021215276,0.184238235,0.05
Medium,00-05,20,Dros_sech_plant_bk,0.023850823,FALSE,None,0.021215276,0.12422874,0.05
Medium,00-05,15,Dros_sech_plant_bk,0.022742287,FALSE,None,0.021215276,0.071976957,0.05
Medium,00-05,10,Dros_sech_plant_bk,0.021929425,FALSE,None,0.021215276,0.033662018,0.05
Medium,00-05,5,Dros_sech_plant_bk,0.021416711,FALSE,None,0.021215276,0.009494809,0.05
Medium,00-05,2,Dros_sech_plant_bk,0.021250394,FALSE,None,0.021215276,0.001655317,0.05
Medium,00-05,1,Dros_sech_plant_bk,0.021231781,FALSE,None,0.021215276,0.000777977,0.05
Medium,00-05,0,Dros_sech_plant_bk,0.021215276,FALSE,None,0.021215276,0,0.05
Medium,00-00,25,Dros_sech_plant_bk,0.026150124,FALSE,None,0.021215276,0.232608239,0.05
Medium,00-00,20,Dros_sech_plant_bk,0.024697598,FALSE,None,0.021215276,0.164142196,0.05
Medium,00-00,15,Dros_sech_plant_bk,0.023326223,FALSE,None,0.021215276,0.099501274,0.05
Medium,00-00,10,Dros_sech_plant_bk,0.022201918,FALSE,None,0.021215276,0.046506206,0.05
Medium,00-00,5,Dros_sech_plant_bk,0.021493003,FALSE,None,0.021215276,0.013090897,0.05
Medium,00-00,2,Dros_sech_plant_bk,0.021262098,FALSE,None,0.021215276,0.002206995,0.05
Medium,00-00,1,Dros_sech_plant_bk,0.02123743,FALSE,None,0.021215276,0.001044248,0.05
Medium,00-00,0,Dros_sech_plant_bk,0.021215276,FALSE,None,0.021215276,0,0.05
Medium,15-May,25,Dros_sech_plant_bk,0.026125541,FALSE,None,0.021215276,0.231449499,0.05
Medium,15-May,20,Dros_sech_plant_bk,0.024663535,FALSE,None,0.021215276,0.162536608,0.05
Medium,15-May,15,Dros_sech_plant_bk,0.023303507,FALSE,None,0.021215276,0.098430537,0.05
Medium,15-May,10,Dros_sech_plant_bk,0.022195388,FALSE,None,0.021215276,0.046198409,0.05
Medium,15-May,5,Dros_sech_plant_bk,0.021496787,FALSE,None,0.021215276,0.013269259,0.05
Medium,15-May,2,Dros_sech_plant_bk,0.021262982,FALSE,None,0.021215276,0.002248663,0.05
Medium,15-May,1,Dros_sech_plant_bk,0.021235296,FALSE,None,0.021215276,0.00094366,0.05
Medium,15-May,0,Dros_sech_plant_bk,0.021215276,FALSE,None,0.021215276,0,0.05
Medium,15-25,25,Dros_sech_plant_bk,0.026218949,FALSE,None,0.021215276,0.235852364,0.05
Medium,15-25,20,Dros_sech_plant_bk,0.024766792,FALSE,None,0.021215276,0.167403714,0.05
Medium,15-25,15,Dros_sech_plant_bk,0.023370553,FALSE,None,0.021215276,0.101590807,0.05
Medium,15-25,10,Dros_sech_plant_bk,0.022248209,FALSE,None,0.021215276,0.048688172,0.05
Medium,15-25,5,Dros_sech_plant_bk,0.021508601,FALSE,None,0.021215276,0.013826122,0.05
Medium,15-25,2,Dros_sech_plant_bk,0.021267072,FALSE,None,0.021215276,0.002441448,0.05
Medium,15-25,1,Dros_sech_plant_bk,0.021237485,FALSE,None,0.021215276,0.00104684,0.05
Medium,15-25,0,Dros_sech_plant_bk,0.021215276,FALSE,None,0.021215276,0,0.05
Medium,00-05,60,ucseq_Dros_sech_plant,0.023143416,TRUE,35,0.021215276,0.090884533,0.05
Medium,00-05,50,ucseq_Dros_sech_plant,0.022183245,TRUE,35,0.021215276,0.04562604,0.05
Medium,00-05,40,ucseq_Dros_sech_plant,0.021621262,TRUE,35,0.021215276,0.019136503,0.05
Medium,00-05,30,ucseq_Dros_sech_plant,0.021316333,TRUE,35,0.021215276,0.004763423,0.05
Medium,00-05,25,ucseq_Dros_sech_plant,0.021250236,TRUE,35,0.021215276,0.001647878,0.05
Medium,00-05,20,ucseq_Dros_sech_plant,0.021247439,TRUE,35,0.021215276,0.001516009,0.05
Medium,00-05,15,ucseq_Dros_sech_plant,0.02119698,TRUE,35,0.021215276,-0.000862381,0.05
Medium,00-05,10,ucseq_Dros_sech_plant,0.021189185,TRUE,35,0.021215276,-0.001229808,0.05
Medium,00-05,5,ucseq_Dros_sech_plant,0.021207214,TRUE,35,0.021215276,-0.000380031,0.05
Medium,00-05,2,ucseq_Dros_sech_plant,0.021203498,TRUE,35,0.021215276,-0.000555151,0.05
Medium,00-05,1,ucseq_Dros_sech_plant,0.021221665,TRUE,35,0.021215276,0.000301146,0.05
Medium,00-05,0,ucseq_Dros_sech_plant,0.021224206,TRUE,35,0.021215276,0.000420915,0.05
Medium,00-00,25,ucseq_Dros_sech_plant,0.020995326,TRUE,35,0.021215276,-0.010367513,0.05
Medium,00-00,20,ucseq_Dros_sech_plant,0.021084338,TRUE,35,0.021215276,-0.006171858,0.05
Medium,00-00,15,ucseq_Dros_sech_plant,0.021106551,TRUE,35,0.021215276,-0.005124863,0.05
Medium,00-00,10,ucseq_Dros_sech_plant,0.021142041,TRUE,35,0.021215276,-0.003452015,0.05
Medium,00-00,5,ucseq_Dros_sech_plant,0.021194518,TRUE,35,0.021215276,-0.000978425,0.05
Medium,00-00,2,ucseq_Dros_sech_plant,0.021200751,TRUE,35,0.021215276,-0.000684649,0.05
Medium,00-00,1,ucseq_Dros_sech_plant,0.021220783,TRUE,35,0.021215276,0.000259582,0.05
Medium,00-00,0,ucseq_Dros_sech_plant,0.021224206,TRUE,35,0.021215276,0.000420915,0.05
Medium,15-May,25,ucseq_Dros_sech_plant,0.023635922,TRUE,35,0.021215276,0.11409922,0.05
Medium,15-May,20,ucseq_Dros_sech_plant,0.022863761,TRUE,35,0.021215276,0.077702714,0.05
Medium,15-May,15,ucseq_Dros_sech_plant,0.022174223,TRUE,35,0.021215276,0.045200776,0.05
Medium,15-May,10,ucseq_Dros_sech_plant,0.021647723,TRUE,35,0.021215276,0.020383743,0.05
Medium,15-May,5,ucseq_Dros_sech_plant,0.021348277,TRUE,35,0.021215276,0.006269111,0.05
Medium,15-May,2,ucseq_Dros_sech_plant,0.02123518,TRUE,35,0.021215276,0.000938199,0.05
Medium,15-May,1,ucseq_Dros_sech_plant,0.021233861,TRUE,35,0.021215276,0.000876012,0.05
Medium,15-May,0,ucseq_Dros_sech_plant,0.021224157,TRUE,35,0.021215276,0.000418603,0.05
Medium,15-25,25,ucseq_Dros_sech_plant,0.025644397,TRUE,35,0.021215276,0.208770363,0.05
Medium,15-25,20,ucseq_Dros_sech_plant,0.024333746,TRUE,35,0.021215276,0.146991727,0.05
Medium,15-25,15,ucseq_Dros_sech_plant,0.02309609,TRUE,35,0.021215276,0.088653759,0.05
Medium,15-25,10,ucseq_Dros_sech_plant,0.022112809,TRUE,35,0.021215276,0.042305993,0.05
Medium,15-25,5,ucseq_Dros_sech_plant,0.021480328,TRUE,35,0.021215276,0.012493469,0.05
Medium,15-25,2,ucseq_Dros_sech_plant,0.021266561,TRUE,35,0.021215276,0.00241734,0.05
Medium,15-25,1,ucseq_Dros_sech_plant,0.021247127,TRUE,35,0.021215276,0.001501307,0.05
Medium,15-25,0,ucseq_Dros_sech_plant,0.021224206,TRUE,35,0.021215276,0.000420915,0.05
Medium,00-05,60,ucseq_Dros_sech_plant.1,0.02309617,TRUE,32,0.021215276,0.088657518,0.05
Medium,00-05,50,ucseq_Dros_sech_plant.1,0.022160783,TRUE,32,0.021215276,0.044567267,0.05
Medium,00-05,40,ucseq_Dros_sech_plant.1,0.021597052,TRUE,32,0.021215276,0.017995331,0.05
Medium,00-05,30,ucseq_Dros_sech_plant.1,0.021301626,TRUE,32,0.021215276,0.004070196,0.05
Medium,00-05,25,ucseq_Dros_sech_plant.1,0.021236033,TRUE,32,0.021215276,0.000978381,0.05
Medium,00-05,20,ucseq_Dros_sech_plant.1,0.02123718,TRUE,32,0.021215276,0.001032447,0.05
Medium,00-05,15,ucseq_Dros_sech_plant.1,0.021190695,TRUE,32,0.021215276,-0.001158643,0.05
Medium,00-05,10,ucseq_Dros_sech_plant.1,0.02118213,TRUE,32,0.021215276,-0.001562367,0.05
Medium,00-05,5,ucseq_Dros_sech_plant.1,0.021200046,TRUE,32,0.021215276,-0.000717861,0.05
Medium,00-05,2,ucseq_Dros_sech_plant.1,0.021197212,TRUE,32,0.021215276,-0.000851451,0.05
Medium,00-05,1,ucseq_Dros_sech_plant.1,0.021216009,TRUE,32,0.021215276,3.45E-05,0.05
Medium,00-05,0,ucseq_Dros_sech_plant.1,0.021218306,TRUE,32,0.021215276,0.000142834,0.05
Medium,00-00,25,ucseq_Dros_sech_plant.1,0.020985561,TRUE,32,0.021215276,-0.010827813,0.05
Medium,00-00,20,ucseq_Dros_sech_plant.1,0.021077627,TRUE,32,0.021215276,-0.00648818,0.05
Medium,00-00,15,ucseq_Dros_sech_plant.1,0.021101726,TRUE,32,0.021215276,-0.005352296,0.05
Medium,00-00,10,ucseq_Dros_sech_plant.1,0.021135496,TRUE,32,0.021215276,-0.0037605,0.05
Medium,00-00,5,ucseq_Dros_sech_plant.1,0.021187267,TRUE,32,0.021215276,-0.00132024,0.05
Medium,00-00,2,ucseq_Dros_sech_plant.1,0.021194244,TRUE,32,0.021215276,-0.000991362,0.05
Medium,00-00,1,ucseq_Dros_sech_plant.1,0.021214909,TRUE,32,0.021215276,-1.73E-05,0.05
Medium,00-00,0,ucseq_Dros_sech_plant.1,0.021218306,TRUE,32,0.021215276,0.000142834,0.05
Medium,15-May,25,ucseq_Dros_sech_plant.1,0.023548462,TRUE,32,0.021215276,0.109976712,0.05
Medium,15-May,20,ucseq_Dros_sech_plant.1,0.022801413,TRUE,32,0.021215276,0.074763915,0.05
Medium,15-May,15,ucseq_Dros_sech_plant.1,0.022138738,TRUE,32,0.021215276,0.043528162,0.05
Medium,15-May,10,ucseq_Dros_sech_plant.1,0.021630226,TRUE,32,0.021215276,0.019559028,0.05
Medium,15-May,5,ucseq_Dros_sech_plant.1,0.021337022,TRUE,32,0.021215276,0.005738589,0.05
Medium,15-May,2,ucseq_Dros_sech_plant.1,0.021227478,TRUE,32,0.021215276,0.00057514,0.05
Medium,15-May,1,ucseq_Dros_sech_plant.1,0.021227282,TRUE,32,0.021215276,0.00056591,0.05
Medium,15-May,0,ucseq_Dros_sech_plant.1,0.021218306,TRUE,32,0.021215276,0.000142834,0.05
Medium,15-25,25,ucseq_Dros_sech_plant.1,0.025622014,TRUE,32,0.021215276,0.207715333,0.05
Medium,15-25,20,ucseq_Dros_sech_plant.1,0.024320545,TRUE,32,0.021215276,0.146369477,0.05
Medium,15-25,15,ucseq_Dros_sech_plant.1,0.023083536,TRUE,32,0.021215276,0.088062019,0.05
Medium,15-25,10,ucseq_Dros_sech_plant.1,0.022104223,TRUE,32,0.021215276,0.041901281,0.05
Medium,15-25,5,ucseq_Dros_sech_plant.1,0.02147333,TRUE,32,0.021215276,0.012163601,0.05
Medium,15-25,2,ucseq_Dros_sech_plant.1,0.02125975,TRUE,32,0.021215276,0.002096317,0.05
Medium,15-25,1,ucseq_Dros_sech_plant.1,0.021241563,TRUE,32,0.021215276,0.001239039,0.05
Medium,15-25,0,ucseq_Dros_sech_plant.1,0.021218306,TRUE,32,0.021215276,0.000142834,0.05
Medium,00-05,60,ucseq_Dros_sech_plant.3,0.022819273,TRUE,28,0.021215276,0.075605752,0.05
Medium,00-05,50,ucseq_Dros_sech_plant.3,0.021928908,TRUE,28,0.021215276,0.03363767,0.05
Medium,00-05,40,ucseq_Dros_sech_plant.3,0.021382027,TRUE,28,0.021215276,0.007859968,0.05
Medium,00-05,30,ucseq_Dros_sech_plant.3,0.021127731,TRUE,28,0.021215276,-0.004126497,0.05
Medium,00-05,25,ucseq_Dros_sech_plant.3,0.021069574,TRUE,28,0.021215276,-0.006867781,0.05
Medium,00-05,20,ucseq_Dros_sech_plant.3,0.021069116,TRUE,28,0.021215276,-0.006889372,0.05
Medium,00-05,15,ucseq_Dros_sech_plant.3,0.021015894,TRUE,28,0.021215276,-0.009398045,0.05
Medium,00-05,10,ucseq_Dros_sech_plant.3,0.021016923,TRUE,28,0.021215276,-0.009349521,0.05
Medium,00-05,5,ucseq_Dros_sech_plant.3,0.021034135,TRUE,28,0.021215276,-0.008538219,0.05
Medium,00-05,2,ucseq_Dros_sech_plant.3,0.021034418,TRUE,28,0.021215276,-0.008524906,0.05
Medium,00-05,1,ucseq_Dros_sech_plant.3,0.021054329,TRUE,28,0.021215276,-0.007586352,0.05
Medium,00-05,0,ucseq_Dros_sech_plant.3,0.021054228,TRUE,28,0.021215276,-0.007591147,0.05
Medium,00-00,25,ucseq_Dros_sech_plant.3,0.020837011,TRUE,28,0.021215276,-0.017829831,0.05
Medium,00-00,20,ucseq_Dros_sech_plant.3,0.020918707,TRUE,28,0.021215276,-0.013979022,0.05
Medium,00-00,15,ucseq_Dros_sech_plant.3,0.020928437,TRUE,28,0.021215276,-0.013520395,0.05
Medium,00-00,10,ucseq_Dros_sech_plant.3,0.02097187,TRUE,28,0.021215276,-0.011473142,0.05
Medium,00-00,5,ucseq_Dros_sech_plant.3,0.021021524,TRUE,28,0.021215276,-0.009132643,0.05
Medium,00-00,2,ucseq_Dros_sech_plant.3,0.02103165,TRUE,28,0.021215276,-0.008655371,0.05
Medium,00-00,1,ucseq_Dros_sech_plant.3,0.021053305,TRUE,28,0.021215276,-0.00763466,0.05
Medium,00-00,0,ucseq_Dros_sech_plant.3,0.021054228,TRUE,28,0.021215276,-0.007591147,0.05
Medium,15-May,25,ucseq_Dros_sech_plant.3,0.023041607,TRUE,28,0.021215276,0.086085645,0.05
Medium,15-May,20,ucseq_Dros_sech_plant.3,0.022389173,TRUE,28,0.021215276,0.055332612,0.05
Medium,15-May,15,ucseq_Dros_sech_plant.3,0.021815243,TRUE,28,0.021215276,0.028279946,0.05
Medium,15-May,10,ucseq_Dros_sech_plant.3,0.021388438,TRUE,28,0.021215276,0.008162145,0.05
Medium,15-May,5,ucseq_Dros_sech_plant.3,0.021146799,TRUE,28,0.021215276,-0.003227721,0.05
Medium,15-May,2,ucseq_Dros_sech_plant.3,0.021058269,TRUE,28,0.021215276,-0.007400638,0.05
Medium,15-May,1,ucseq_Dros_sech_plant.3,0.021063172,TRUE,28,0.021215276,-0.007169544,0.05
Medium,15-May,0,ucseq_Dros_sech_plant.3,0.021054228,TRUE,28,0.021215276,-0.007591147,0.05
Medium,15-25,25,ucseq_Dros_sech_plant.3,0.025327235,TRUE,28,0.021215276,0.193820659,0.05
Medium,15-25,20,ucseq_Dros_sech_plant.3,0.02405599,TRUE,28,0.021215276,0.133899437,0.05
Medium,15-25,15,ucseq_Dros_sech_plant.3,0.022840572,TRUE,28,0.021215276,0.076609706,0.05
Medium,15-25,10,ucseq_Dros_sech_plant.3,0.021902197,TRUE,28,0.021215276,0.032378614,0.05
Medium,15-25,5,ucseq_Dros_sech_plant.3,0.021297938,TRUE,28,0.021215276,0.003896323,0.05
Medium,15-25,2,ucseq_Dros_sech_plant.3,0.021094251,TRUE,28,0.021215276,-0.005704608,0.05
Medium,15-25,1,ucseq_Dros_sech_plant.3,0.021077767,TRUE,28,0.021215276,-0.006481589,0.05
Medium,15-25,0,ucseq_Dros_sech_plant.3,0.021054228,TRUE,28,0.021215276,-0.007591147,0.05
Small,00-05,60,Drosophila_sim_WXD1_downSmpld_bk,0.021406951,FALSE,None,0.001933919,10.06920766,0.05
Small,00-05,50,Drosophila_sim_WXD1_downSmpld_bk,0.015437019,FALSE,None,0.001933919,6.98224693,0.05
Small,00-05,40,Drosophila_sim_WXD1_downSmpld_bk,0.010954114,FALSE,None,0.001933919,4.664205171,0.05
Small,00-05,30,Drosophila_sim_WXD1_downSmpld_bk,0.007431677,FALSE,None,0.001933919,2.842806757,0.05
Small,00-05,25,Drosophila_sim_WXD1_downSmpld_bk,0.005931698,FALSE,None,0.001933919,2.067190508,0.05
Small,00-05,20,Drosophila_sim_WXD1_downSmpld_bk,0.004581235,FALSE,None,0.001933919,1.368886701,0.05
Small,00-05,15,Drosophila_sim_WXD1_downSmpld_bk,0.003468368,FALSE,None,0.001933919,0.79344016,0.05
Small,00-05,10,Drosophila_sim_WXD1_downSmpld_bk,0.002633814,FALSE,None,0.001933919,0.361905023,0.05
Small,00-05,5,Drosophila_sim_WXD1_downSmpld_bk,0.002119784,FALSE,None,0.001933919,0.096107955,0.05
Small,00-05,2,Drosophila_sim_WXD1_downSmpld_bk,0.001973144,FALSE,None,0.001933919,0.020282649,0.05
Small,00-05,1,Drosophila_sim_WXD1_downSmpld_bk,0.001948023,FALSE,None,0.001933919,0.007292963,0.05
Small,00-05,0,Drosophila_sim_WXD1_downSmpld_bk,0.001933919,FALSE,None,0.001933919,0,0.05
Small,00-00,25,Drosophila_sim_WXD1_downSmpld_bk,0.006984005,FALSE,None,0.001933919,2.611322398,0.05
Small,00-00,20,Drosophila_sim_WXD1_downSmpld_bk,0.005445228,FALSE,None,0.001933919,1.815644295,0.05
Small,00-00,15,Drosophila_sim_WXD1_downSmpld_bk,0.004061098,FALSE,None,0.001933919,1.099931797,0.05
Small,00-00,10,Drosophila_sim_WXD1_downSmpld_bk,0.002911352,FALSE,None,0.001933919,0.505415687,0.05
Small,00-00,5,Drosophila_sim_WXD1_downSmpld_bk,0.00219623,FALSE,None,0.001933919,0.135637015,0.05
Small,00-00,2,Drosophila_sim_WXD1_downSmpld_bk,0.001985133,FALSE,None,0.001933919,0.026481978,0.05
Small,00-00,1,Drosophila_sim_WXD1_downSmpld_bk,0.001953076,FALSE,None,0.001933919,0.009905792,0.05
Small,00-00,0,Drosophila_sim_WXD1_downSmpld_bk,0.001933919,FALSE,None,0.001933919,0,0.05
Small,15-May,25,Drosophila_sim_WXD1_downSmpld_bk,0.006960914,FALSE,None,0.001933919,2.599382394,0.05
Small,15-May,20,Drosophila_sim_WXD1_downSmpld_bk,0.005412172,FALSE,None,0.001933919,1.798551542,0.05
Small,15-May,15,Drosophila_sim_WXD1_downSmpld_bk,0.004038624,FALSE,None,0.001933919,1.088310834,0.05
Small,15-May,10,Drosophila_sim_WXD1_downSmpld_bk,0.002904186,FALSE,None,0.001933919,0.501710258,0.05
Small,15-May,5,Drosophila_sim_WXD1_downSmpld_bk,0.002199336,FALSE,None,0.001933919,0.13724308,0.05
Small,15-May,2,Drosophila_sim_WXD1_downSmpld_bk,0.001986026,FALSE,None,0.001933919,0.026943734,0.05
Small,15-May,1,Drosophila_sim_WXD1_downSmpld_bk,0.001951613,FALSE,None,0.001933919,0.009149297,0.05
Small,15-May,0,Drosophila_sim_WXD1_downSmpld_bk,0.001933919,FALSE,None,0.001933919,0,0.05
Small,15-25,25,Drosophila_sim_WXD1_downSmpld_bk,0.007055547,FALSE,None,0.001933919,2.648315674,0.05
Small,15-25,20,Drosophila_sim_WXD1_downSmpld_bk,0.005517467,FALSE,None,0.001933919,1.85299798,0.05
Small,15-25,15,Drosophila_sim_WXD1_downSmpld_bk,0.004107228,FALSE,None,0.001933919,1.123784916,0.05
Small,15-25,10,Drosophila_sim_WXD1_downSmpld_bk,0.002957815,FALSE,None,0.001933919,0.529440995,0.05
Small,15-25,5,Drosophila_sim_WXD1_downSmpld_bk,0.002212017,FALSE,None,0.001933919,0.143800232,0.05
Small,15-25,2,Drosophila_sim_WXD1_downSmpld_bk,0.001990353,FALSE,None,0.001933919,0.02918116,0.05
Small,15-25,1,Drosophila_sim_WXD1_downSmpld_bk,0.001953692,FALSE,None,0.001933919,0.010224317,0.05
Small,15-25,0,Drosophila_sim_WXD1_downSmpld_bk,0.001933919,FALSE,None,0.001933919,0,0.05
Small,00-05,60,ucseq_Drosophila_sim_WXD1_downSmpld,0.004238577,TRUE,35,0.001933919,1.191703227,0.05
Small,00-05,50,ucseq_Drosophila_sim_WXD1_downSmpld,0.003074162,TRUE,35,0.001933919,0.589602481,0.05
Small,00-05,40,ucseq_Drosophila_sim_WXD1_downSmpld,0.002475791,TRUE,35,0.001933919,0.280193957,0.05
Small,00-05,30,ucseq_Drosophila_sim_WXD1_downSmpld,0.002138535,TRUE,35,0.001933919,0.105803748,0.05
Small,00-05,25,ucseq_Drosophila_sim_WXD1_downSmpld,0.002066988,TRUE,35,0.001933919,0.068808064,0.05
Small,00-05,20,ucseq_Drosophila_sim_WXD1_downSmpld,0.002000072,TRUE,35,0.001933919,0.034206862,0.05
Small,00-05,15,ucseq_Drosophila_sim_WXD1_downSmpld,0.001936059,TRUE,35,0.001933919,0.00110662,0.05
Small,00-05,10,ucseq_Drosophila_sim_WXD1_downSmpld,0.001905123,TRUE,35,0.001933919,-0.014890212,0.05
Small,00-05,5,ucseq_Drosophila_sim_WXD1_downSmpld,0.001906359,TRUE,35,0.001933919,-0.014251027,0.05
Small,00-05,2,ucseq_Drosophila_sim_WXD1_downSmpld,0.001918136,TRUE,35,0.001933919,-0.00816115,0.05
Small,00-05,1,ucseq_Drosophila_sim_WXD1_downSmpld,0.001925794,TRUE,35,0.001933919,-0.004201426,0.05
Small,00-05,0,ucseq_Drosophila_sim_WXD1_downSmpld,0.001927786,TRUE,35,0.001933919,-0.003171244,0.05
Small,00-00,25,ucseq_Drosophila_sim_WXD1_downSmpld,0.001815878,TRUE,35,0.001933919,-0.061037002,0.05
Small,00-00,20,ucseq_Drosophila_sim_WXD1_downSmpld,0.001843449,TRUE,35,0.001933919,-0.046780531,0.05
Small,00-00,15,ucseq_Drosophila_sim_WXD1_downSmpld,0.001848686,TRUE,35,0.001933919,-0.044072532,0.05
Small,00-00,10,ucseq_Drosophila_sim_WXD1_downSmpld,0.00185998,TRUE,35,0.001933919,-0.038232774,0.05
Small,00-00,5,ucseq_Drosophila_sim_WXD1_downSmpld,0.001894457,TRUE,35,0.001933919,-0.020405188,0.05
Small,00-00,2,ucseq_Drosophila_sim_WXD1_downSmpld,0.001913617,TRUE,35,0.001933919,-0.010497782,0.05
Small,00-00,1,ucseq_Drosophila_sim_WXD1_downSmpld,0.001924506,TRUE,35,0.001933919,-0.004867069,0.05
Small,00-00,0,ucseq_Drosophila_sim_WXD1_downSmpld,0.001927786,TRUE,35,0.001933919,-0.003171244,0.05
Small,15-May,25,ucseq_Drosophila_sim_WXD1_downSmpld,0.004450905,TRUE,35,0.001933919,1.301494993,0.05
Small,15-May,20,ucseq_Drosophila_sim_WXD1_downSmpld,0.003604031,TRUE,35,0.001933919,0.863589268,0.05
Small,15-May,15,ucseq_Drosophila_sim_WXD1_downSmpld,0.002903142,TRUE,35,0.001933919,0.501170278,0.05
Small,15-May,10,ucseq_Drosophila_sim_WXD1_downSmpld,0.002351897,TRUE,35,0.001933919,0.216129992,0.05
Small,15-May,5,ucseq_Drosophila_sim_WXD1_downSmpld,0.002040128,TRUE,35,0.001933919,0.054919225,0.05
Small,15-May,2,ucseq_Drosophila_sim_WXD1_downSmpld,0.001945896,TRUE,35,0.001933919,0.006193055,0.05
Small,15-May,1,ucseq_Drosophila_sim_WXD1_downSmpld,0.001935312,TRUE,35,0.001933919,0.000720364,0.05
Small,15-May,0,ucseq_Drosophila_sim_WXD1_downSmpld,0.001927786,TRUE,35,0.001933919,-0.003171244,0.05
Small,15-25,25,ucseq_Drosophila_sim_WXD1_downSmpld,0.006461686,TRUE,35,0.001933919,2.341239365,0.05
Small,15-25,20,ucseq_Drosophila_sim_WXD1_downSmpld,0.005071323,TRUE,35,0.001933919,1.62230386,0.05
Small,15-25,15,ucseq_Drosophila_sim_WXD1_downSmpld,0.003814271,TRUE,35,0.001933919,0.972301307,0.05
Small,15-25,10,ucseq_Drosophila_sim_WXD1_downSmpld,0.002806334,TRUE,35,0.001933919,0.451112371,0.05
Small,15-25,5,ucseq_Drosophila_sim_WXD1_downSmpld,0.002165675,TRUE,35,0.001933919,0.119837535,0.05
Small,15-25,2,ucseq_Drosophila_sim_WXD1_downSmpld,0.001974099,TRUE,35,0.001933919,0.020776394,0.05
Small,15-25,1,ucseq_Drosophila_sim_WXD1_downSmpld,0.001944843,TRUE,35,0.001933919,0.005648435,0.05
Small,15-25,0,ucseq_Drosophila_sim_WXD1_downSmpld,0.001927786,TRUE,35,0.001933919,-0.003171244,0.05
Small,00-05,60,ucseq_Drosophila_sim_WXD1_downSmpld.1,0.004201157,TRUE,32,0.001933919,1.172353958,0.05
Small,00-05,50,ucseq_Drosophila_sim_WXD1_downSmpld.1,0.003056953,TRUE,32,0.001933919,0.580703952,0.05
Small,00-05,40,ucseq_Drosophila_sim_WXD1_downSmpld.1,0.002466043,TRUE,32,0.001933919,0.275153129,0.05
Small,00-05,30,ucseq_Drosophila_sim_WXD1_downSmpld.1,0.002130151,TRUE,32,0.001933919,0.101468369,0.05
Small,00-05,25,ucseq_Drosophila_sim_WXD1_downSmpld.1,0.002057804,TRUE,32,0.001933919,0.064058872,0.05
Small,00-05,20,ucseq_Drosophila_sim_WXD1_downSmpld.1,0.001995536,TRUE,32,0.001933919,0.031861174,0.05
Small,00-05,15,ucseq_Drosophila_sim_WXD1_downSmpld.1,0.001934582,TRUE,32,0.001933919,0.000343013,0.05
Small,00-05,10,ucseq_Drosophila_sim_WXD1_downSmpld.1,0.001901667,TRUE,32,0.001933919,-0.016677067,0.05
Small,00-05,5,ucseq_Drosophila_sim_WXD1_downSmpld.1,0.001904218,TRUE,32,0.001933919,-0.015357947,0.05
Small,00-05,2,ucseq_Drosophila_sim_WXD1_downSmpld.1,0.001917281,TRUE,32,0.001933919,-0.008603468,0.05
Small,00-05,1,ucseq_Drosophila_sim_WXD1_downSmpld.1,0.001925272,TRUE,32,0.001933919,-0.004471421,0.05
Small,00-05,0,ucseq_Drosophila_sim_WXD1_downSmpld.1,0.001927514,TRUE,32,0.001933919,-0.003311764,0.05
Small,00-00,25,ucseq_Drosophila_sim_WXD1_downSmpld.1,0.001811024,TRUE,32,0.001933919,-0.063547264,0.05
Small,00-00,20,ucseq_Drosophila_sim_WXD1_downSmpld.1,0.001842168,TRUE,32,0.001933919,-0.047443215,0.05
Small,00-00,15,ucseq_Drosophila_sim_WXD1_downSmpld.1,0.001849937,TRUE,32,0.001933919,-0.043425615,0.05
Small,00-00,10,ucseq_Drosophila_sim_WXD1_downSmpld.1,0.001856701,TRUE,32,0.001933919,-0.039928406,0.05
Small,00-00,5,ucseq_Drosophila_sim_WXD1_downSmpld.1,0.001892118,TRUE,32,0.001933919,-0.02161478,0.05
Small,00-00,2,ucseq_Drosophila_sim_WXD1_downSmpld.1,0.001912503,TRUE,32,0.001933919,-0.011073802,0.05
Small,00-00,1,ucseq_Drosophila_sim_WXD1_downSmpld.1,0.001923809,TRUE,32,0.001933919,-0.00522789,0.05
Small,00-00,0,ucseq_Drosophila_sim_WXD1_downSmpld.1,0.001927514,TRUE,32,0.001933919,-0.003311764,0.05
Small,15-May,25,ucseq_Drosophila_sim_WXD1_downSmpld.1,0.004368636,TRUE,32,0.001933919,1.258954868,0.05
Small,15-May,20,ucseq_Drosophila_sim_WXD1_downSmpld.1,0.003548947,TRUE,32,0.001933919,0.835106368,0.05
Small,15-May,15,ucseq_Drosophila_sim_WXD1_downSmpld.1,0.002871377,TRUE,32,0.001933919,0.484745257,0.05
Small,15-May,10,ucseq_Drosophila_sim_WXD1_downSmpld.1,0.002337344,TRUE,32,0.001933919,0.208605136,0.05
Small,15-May,5,ucseq_Drosophila_sim_WXD1_downSmpld.1,0.002033945,TRUE,32,0.001933919,0.051721698,0.05
Small,15-May,2,ucseq_Drosophila_sim_WXD1_downSmpld.1,0.001944666,TRUE,32,0.001933919,0.005557103,0.05
Small,15-May,1,ucseq_Drosophila_sim_WXD1_downSmpld.1,0.001934322,TRUE,32,0.001933919,0.000208519,0.05
Small,15-May,0,ucseq_Drosophila_sim_WXD1_downSmpld.1,0.001927514,TRUE,32,0.001933919,-0.003311764,0.05
Small,15-25,25,ucseq_Drosophila_sim_WXD1_downSmpld.1,0.006444095,TRUE,32,0.001933919,2.332142963,0.05
Small,15-25,20,ucseq_Drosophila_sim_WXD1_downSmpld.1,0.005062508,TRUE,32,0.001933919,1.617745693,0.05
Small,15-25,15,ucseq_Drosophila_sim_WXD1_downSmpld.1,0.003807595,TRUE,32,0.001933919,0.968849325,0.05
Small,15-25,10,ucseq_Drosophila_sim_WXD1_downSmpld.1,0.002800411,TRUE,32,0.001933919,0.448049538,0.05
Small,15-25,5,ucseq_Drosophila_sim_WXD1_downSmpld.1,0.002163207,TRUE,32,0.001933919,0.118561541,0.05
Small,15-25,2,ucseq_Drosophila_sim_WXD1_downSmpld.1,0.001973507,TRUE,32,0.001933919,0.020470383,0.05
Small,15-25,1,ucseq_Drosophila_sim_WXD1_downSmpld.1,0.001943957,TRUE,32,0.001933919,0.005190332,0.05
Small,15-25,0,ucseq_Drosophila_sim_WXD1_downSmpld.1,0.001927514,TRUE,32,0.001933919,-0.003311764,0.05
Small,00-05,60,ucseq_Drosophila_sim_WXD1_downSmpld.3,0.004063814,TRUE,28,0.001933919,1.101336165,0.05
Small,00-05,50,ucseq_Drosophila_sim_WXD1_downSmpld.3,0.002966382,TRUE,28,0.001933919,0.533870741,0.05
Small,00-05,40,ucseq_Drosophila_sim_WXD1_downSmpld.3,0.002416565,TRUE,28,0.001933919,0.249568911,0.05
Small,00-05,30,ucseq_Drosophila_sim_WXD1_downSmpld.3,0.002090282,TRUE,28,0.001933919,0.080852748,0.05
Small,00-05,25,ucseq_Drosophila_sim_WXD1_downSmpld.3,0.002030269,TRUE,28,0.001933919,0.04982119,0.05
Small,00-05,20,ucseq_Drosophila_sim_WXD1_downSmpld.3,0.001976051,TRUE,28,0.001933919,0.021785855,0.05
Small,00-05,15,ucseq_Drosophila_sim_WXD1_downSmpld.3,0.001907406,TRUE,28,0.001933919,-0.01370958,0.05
Small,00-05,10,ucseq_Drosophila_sim_WXD1_downSmpld.3,0.001882883,TRUE,28,0.001933919,-0.0263897,0.05
Small,00-05,5,ucseq_Drosophila_sim_WXD1_downSmpld.3,0.001885188,TRUE,28,0.001933919,-0.025198237,0.05
Small,00-05,2,ucseq_Drosophila_sim_WXD1_downSmpld.3,0.001896634,TRUE,28,0.001933919,-0.019279434,0.05
Small,00-05,1,ucseq_Drosophila_sim_WXD1_downSmpld.3,0.001904796,TRUE,28,0.001933919,-0.015058868,0.05
Small,00-05,0,ucseq_Drosophila_sim_WXD1_downSmpld.3,0.001908441,TRUE,28,0.001933919,-0.013174292,0.05
Small,00-00,25,ucseq_Drosophila_sim_WXD1_downSmpld.3,0.001799688,TRUE,28,0.001933919,-0.069408756,0.05
Small,00-00,20,ucseq_Drosophila_sim_WXD1_downSmpld.3,0.001829857,TRUE,28,0.001933919,-0.053808915,0.05
Small,00-00,15,ucseq_Drosophila_sim_WXD1_downSmpld.3,0.001823004,TRUE,28,0.001933919,-0.05735243,0.05
Small,00-00,10,ucseq_Drosophila_sim_WXD1_downSmpld.3,0.001840874,TRUE,28,0.001933919,-0.048112182,0.05
Small,00-00,5,ucseq_Drosophila_sim_WXD1_downSmpld.3,0.001875434,TRUE,28,0.001933919,-0.030241602,0.05
Small,00-00,2,ucseq_Drosophila_sim_WXD1_downSmpld.3,0.001893393,TRUE,28,0.001933919,-0.020955184,0.05
Small,00-00,1,ucseq_Drosophila_sim_WXD1_downSmpld.3,0.001903589,TRUE,28,0.001933919,-0.015683043,0.05
Small,00-00,0,ucseq_Drosophila_sim_WXD1_downSmpld.3,0.001908441,TRUE,28,0.001933919,-0.013174292,0.05
Small,15-May,25,ucseq_Drosophila_sim_WXD1_downSmpld.3,0.003993843,TRUE,28,0.001933919,1.065155149,0.05
Small,15-May,20,ucseq_Drosophila_sim_WXD1_downSmpld.3,0.003275743,TRUE,28,0.001933919,0.693836822,0.05
Small,15-May,15,ucseq_Drosophila_sim_WXD1_downSmpld.3,0.00269439,TRUE,28,0.001933919,0.39322773,0.05
Small,15-May,10,ucseq_Drosophila_sim_WXD1_downSmpld.3,0.002243286,TRUE,28,0.001933919,0.159968915,0.05
Small,15-May,5,ucseq_Drosophila_sim_WXD1_downSmpld.3,0.001994283,TRUE,28,0.001933919,0.031213413,0.05
Small,15-May,2,ucseq_Drosophila_sim_WXD1_downSmpld.3,0.001918777,TRUE,28,0.001933919,-0.007829704,0.05
Small,15-May,1,ucseq_Drosophila_sim_WXD1_downSmpld.3,0.001912896,TRUE,28,0.001933919,-0.010870487,0.05
Small,15-May,0,ucseq_Drosophila_sim_WXD1_downSmpld.3,0.001908441,TRUE,28,0.001933919,-0.013174292,0.05
Small,15-25,25,ucseq_Drosophila_sim_WXD1_downSmpld.3,0.006285925,TRUE,28,0.001933919,2.250356068,0.05
Small,15-25,20,ucseq_Drosophila_sim_WXD1_downSmpld.3,0.004939513,TRUE,28,0.001933919,1.554146637,0.05
Small,15-25,15,ucseq_Drosophila_sim_WXD1_downSmpld.3,0.003712301,TRUE,28,0.001933919,0.919574277,0.05
Small,15-25,10,ucseq_Drosophila_sim_WXD1_downSmpld.3,0.002748663,TRUE,28,0.001933919,0.421291509,0.05
Small,15-25,5,ucseq_Drosophila_sim_WXD1_downSmpld.3,0.002139124,TRUE,28,0.001933919,0.106108329,0.05
Small,15-25,2,ucseq_Drosophila_sim_WXD1_downSmpld.3,0.001952236,TRUE,28,0.001933919,0.009471584,0.05
Small,15-25,1,ucseq_Drosophila_sim_WXD1_downSmpld.3,0.001923997,TRUE,28,0.001933919,-0.005130545,0.05
Small,15-25,0,ucseq_Drosophila_sim_WXD1_downSmpld.3,0.001908441,TRUE,28,0.001933919,-0.013174292,0.05